ProgressID,EnrollID,ProgressDate,ProgressPercent
1,979,6/7/2024,89
2,57,1/4/2025,19
3,359,8/22/2022,99
4,437,7/11/2024,15
5,824,6/15/2024,65
6,658,1/19/2025,94
7,887,1/7/2025,88
8,294,12/5/2022,100
9,468,9/10/2025,53
10,765,9/3/2025,84
11,479,9/12/2025,86
12,713,7/25/2022,68
13,571,10/4/2023,50
14,131,1/27/2022,85
15,959,10/14/2024,23
16,499,2/25/2023,32
17,562,7/27/2022,36
18,586,11/2/2023,75
19,343,11/3/2023,28
20,934,3/9/2022,69
21,138,11/18/2022,81
22,17,8/14/2022,89
23,86,1/24/2022,97
24,4,5/9/2025,2
25,816,7/7/2024,5
26,145,2/19/2025,70
27,458,1/4/2025,30
28,302,11/21/2025,66
29,260,5/26/2025,41
30,628,1/16/2024,100
31,111,4/14/2024,76
32,586,3/23/2022,7
33,503,6/8/2023,39
34,863,11/13/2022,93
35,448,10/24/2022,22
36,193,9/6/2025,40
37,283,12/14/2025,29
38,889,10/30/2022,68
39,821,3/31/2025,70
40,181,1/12/2024,100
41,7,1/5/2022,93
42,741,3/14/2024,54
43,309,4/1/2023,60
44,33,10/24/2022,14
45,299,7/2/2023,87
46,572,5/13/2025,41
47,984,5/29/2023,31
48,7,10/17/2022,6
49,188,8/17/2023,16
50,449,2/14/2022,19
51,84,12/21/2022,46
52,699,12/25/2023,70
53,12,2/26/2025,86
54,345,8/8/2024,97
55,420,12/15/2024,68
56,992,7/9/2024,16
57,697,10/9/2022,37
58,784,1/5/2024,75
59,954,12/3/2024,23
60,572,3/12/2024,59
61,56,10/21/2024,40
62,945,4/21/2022,7
63,548,2/4/2022,64
64,868,12/2/2023,26
65,478,2/11/2024,65
66,418,12/18/2023,48
67,413,3/2/2025,2
68,10,4/25/2025,36
69,191,9/17/2024,53
70,406,4/30/2022,59
71,61,9/18/2024,18
72,530,6/19/2024,2
73,428,10/21/2022,6
74,94,10/14/2024,68
75,150,8/20/2022,61
76,304,11/29/2025,52
77,132,4/29/2023,74
78,515,10/23/2024,94
79,137,7/18/2023,14
80,179,12/8/2022,51
81,76,3/10/2023,56
82,279,12/29/2025,82
83,785,7/11/2025,24
84,127,6/22/2024,92
85,236,9/5/2023,17
86,339,7/9/2024,61
87,776,10/19/2024,88
88,236,6/15/2024,50
89,708,6/8/2022,5
90,577,6/24/2024,32
91,936,8/16/2022,51
92,562,5/6/2023,27
93,188,1/28/2023,60
94,32,11/26/2022,57
95,40,9/29/2022,4
96,456,8/1/2022,91
97,548,7/17/2022,21
98,951,12/25/2025,13
99,873,8/30/2024,19
100,816,9/28/2024,40
101,507,12/13/2024,49
102,171,1/31/2025,20
103,194,9/17/2023,51
104,600,6/25/2024,30
105,513,7/8/2022,28
106,898,4/4/2024,67
107,215,6/10/2024,69
108,638,3/19/2022,86
109,42,5/4/2024,48
110,72,9/22/2025,66
111,48,12/25/2024,46
112,553,5/12/2025,77
113,617,8/31/2025,13
114,712,8/16/2025,47
115,79,3/12/2025,85
116,26,8/1/2025,30
117,166,7/7/2022,96
118,175,6/30/2025,72
119,649,4/22/2024,21
120,403,2/14/2025,25
121,943,3/1/2025,79
122,84,7/12/2022,10
123,171,3/29/2024,46
124,865,12/13/2025,97
125,988,9/29/2024,63
126,305,10/26/2024,19
127,910,11/18/2022,37
128,891,9/8/2022,1
129,634,2/12/2022,14
130,620,7/6/2025,71
131,364,11/7/2025,61
132,643,4/5/2022,3
133,906,1/31/2023,76
134,72,12/17/2023,45
135,193,6/10/2022,57
136,161,2/25/2024,72
137,265,3/30/2022,41
138,76,4/1/2025,74
139,707,11/29/2023,97
140,464,11/6/2024,67
141,838,4/25/2025,27
142,787,9/12/2024,9
143,815,11/30/2025,99
144,27,7/7/2024,14
145,780,8/6/2025,10
146,210,6/8/2025,90
147,120,6/24/2025,6
148,713,6/15/2024,99
149,965,11/15/2025,62
150,817,8/21/2025,50
151,290,5/15/2022,59
152,932,1/6/2024,70
153,231,6/18/2025,57
154,992,11/10/2022,7
155,972,3/12/2024,28
156,596,6/3/2023,63
157,153,8/7/2022,39
158,489,7/16/2025,13
159,667,1/22/2025,37
160,963,9/19/2025,30
161,843,3/3/2025,43
162,9,10/24/2025,56
163,92,9/2/2023,16
164,776,1/29/2025,35
165,379,4/8/2022,78
166,422,3/19/2024,23
167,886,3/6/2023,7
168,945,2/10/2025,48
169,676,7/14/2025,80
170,141,12/23/2022,62
171,925,7/11/2024,77
172,143,9/10/2023,93
173,65,10/11/2024,2
174,587,3/14/2024,38
175,458,8/6/2023,80
176,536,2/11/2024,70
177,32,12/27/2025,15
178,486,2/14/2024,94
179,626,10/23/2023,51
180,155,1/22/2024,14
181,184,3/14/2024,39
182,180,5/21/2022,71
183,100,3/14/2025,28
184,509,8/31/2023,12
185,417,5/6/2024,17
186,333,5/27/2024,4
187,499,10/3/2022,42
188,764,11/17/2024,1
189,830,4/28/2025,82
190,539,3/4/2022,57
191,803,7/23/2023,99
192,725,3/24/2022,42
193,990,12/10/2025,70
194,713,4/1/2022,4
195,88,12/17/2025,7
196,177,12/17/2023,17
197,765,12/7/2023,5
198,370,4/9/2024,98
199,213,8/9/2022,80
200,545,9/14/2023,27
201,835,11/8/2023,76
202,814,8/3/2025,34
203,573,4/22/2024,63
204,292,3/2/2025,33
205,793,10/7/2024,99
206,661,11/23/2023,88
207,570,9/13/2023,53
208,442,9/19/2022,92
209,122,12/10/2022,15
210,23,12/16/2025,71
211,648,12/17/2023,57
212,304,2/1/2023,43
213,490,9/15/2025,39
214,652,5/10/2025,15
215,738,3/13/2023,51
216,557,3/22/2022,2
217,735,3/18/2022,4
218,559,8/4/2022,5
219,619,1/24/2025,81
220,786,5/22/2023,91
221,837,5/21/2022,45
222,527,10/30/2023,58
223,668,1/13/2025,16
224,940,12/22/2025,85
225,764,8/24/2023,99
226,999,9/28/2023,83
227,612,5/1/2024,39
228,591,8/6/2022,14
229,231,8/6/2023,44
230,404,3/25/2025,74
231,367,12/28/2025,33
232,58,4/12/2025,11
233,152,7/18/2022,58
234,120,12/22/2025,48
235,813,9/13/2023,68
236,380,3/10/2024,39
237,535,4/15/2024,54
238,824,12/30/2022,38
239,264,6/15/2022,17
240,331,2/16/2024,48
241,348,10/12/2025,98
242,239,6/21/2022,62
243,540,9/12/2025,68
244,555,3/7/2022,30
245,250,4/1/2022,81
246,300,8/21/2022,62
247,955,9/23/2023,77
248,981,12/17/2023,64
249,824,6/4/2025,26
250,540,12/4/2024,98
251,788,12/14/2024,24
252,839,9/25/2024,55
253,495,3/3/2025,98
254,671,6/23/2023,41
255,418,9/11/2024,9
256,62,6/29/2025,10
257,951,4/25/2024,49
258,32,7/6/2024,41
259,985,12/12/2022,20
260,167,3/21/2023,75
261,391,6/16/2023,100
262,312,3/29/2024,49
263,659,1/20/2025,31
264,99,6/12/2025,2
265,584,2/8/2022,42
266,37,7/23/2023,79
267,951,4/7/2022,29
268,607,9/16/2023,76
269,112,1/4/2024,47
270,326,2/28/2023,5
271,886,7/13/2024,29
272,885,4/16/2025,55
273,510,8/27/2023,89
274,527,3/16/2022,66
275,997,9/24/2025,92
276,169,4/10/2024,67
277,523,11/18/2025,61
278,11,7/8/2025,4
279,251,6/5/2023,55
280,796,1/31/2022,42
281,811,9/29/2025,17
282,703,12/22/2023,45
283,684,3/7/2023,49
284,494,5/30/2025,1
285,743,12/22/2024,78
286,466,5/21/2025,45
287,287,9/13/2022,36
288,198,8/2/2025,34
289,423,4/22/2025,30
290,558,7/25/2024,78
291,450,12/20/2025,99
292,811,1/17/2024,22
293,736,3/19/2025,48
294,988,10/12/2025,88
295,402,10/24/2025,79
296,277,5/9/2022,33
297,751,2/8/2025,91
298,829,5/2/2024,60
299,782,12/30/2022,43
300,107,1/27/2022,66
301,97,1/14/2024,97
302,211,7/21/2024,45
303,715,3/11/2025,24
304,658,1/24/2024,92
305,623,4/30/2022,34
306,185,3/20/2022,11
307,911,6/7/2023,79
308,949,4/12/2022,100
309,554,7/10/2025,39
310,913,3/21/2025,91
311,485,11/28/2024,76
312,148,7/31/2023,32
313,192,11/21/2022,75
314,757,7/28/2024,26
315,187,12/4/2025,12
316,647,8/31/2024,31
317,989,3/23/2025,86
318,748,1/7/2025,22
319,101,8/15/2022,9
320,518,5/17/2024,2
321,447,7/19/2022,95
322,694,7/6/2023,81
323,361,12/17/2022,4
324,17,11/13/2025,47
325,421,11/7/2025,68
326,223,4/11/2022,90
327,365,3/29/2022,29
328,259,12/12/2024,8
329,409,7/4/2024,25
330,623,2/29/2024,52
331,638,8/17/2022,64
332,454,5/13/2024,41
333,606,5/3/2025,94
334,175,10/17/2023,77
335,256,7/22/2023,78
336,521,4/29/2025,57
337,508,3/19/2025,8
338,834,10/7/2023,90
339,638,10/16/2023,58
340,930,12/24/2024,55
341,122,10/16/2024,84
342,520,1/27/2025,7
343,8,2/6/2025,79
344,940,4/29/2025,70
345,71,12/24/2024,89
346,18,1/16/2024,5
347,54,12/15/2022,31
348,931,7/2/2022,71
349,148,7/29/2023,25
350,88,6/6/2024,25
351,34,5/10/2023,4
352,897,3/18/2024,74
353,609,7/29/2023,38
354,810,5/23/2022,92
355,476,11/7/2024,52
356,927,5/10/2022,46
357,625,2/8/2024,19
358,912,12/10/2023,50
359,5,10/6/2024,61
360,887,5/27/2022,2
361,600,8/15/2024,14
362,485,6/24/2025,89
363,569,3/10/2025,93
364,169,3/20/2024,94
365,394,9/5/2024,28
366,791,2/14/2025,51
367,84,3/25/2023,58
368,748,2/15/2022,80
369,948,7/9/2024,55
370,158,3/2/2023,75
371,53,9/3/2022,90
372,853,3/14/2022,18
373,99,6/3/2024,19
374,363,12/12/2022,97
375,804,6/22/2022,18
376,5,5/4/2023,31
377,818,10/21/2024,59
378,550,5/10/2023,99
379,18,12/18/2025,45
380,203,11/16/2024,99
381,869,11/25/2025,81
382,877,12/30/2024,60
383,335,5/28/2025,65
384,37,2/27/2022,9
385,650,10/12/2025,75
386,907,11/9/2025,63
387,303,5/21/2025,55
388,170,7/1/2022,62
389,513,1/1/2025,60
390,191,7/19/2022,98
391,473,1/2/2023,34
392,75,7/7/2025,92
393,145,6/18/2025,84
394,666,7/6/2024,80
395,133,10/19/2024,52
396,747,5/15/2024,17
397,25,2/8/2022,79
398,485,12/10/2022,49
399,98,9/6/2024,54
400,896,7/10/2024,81
401,653,1/2/2024,9
402,852,4/21/2023,68
403,834,5/1/2023,72
404,802,4/5/2022,66
405,978,1/19/2023,47
406,744,6/16/2024,52
407,547,10/9/2024,10
408,858,6/29/2022,19
409,217,11/21/2023,92
410,619,8/14/2025,15
411,700,2/2/2022,56
412,91,12/8/2024,35
413,528,10/17/2025,46
414,572,12/29/2024,9
415,941,1/10/2022,46
416,486,9/21/2024,34
417,925,8/18/2024,55
418,219,5/21/2022,66
419,161,11/27/2024,90
420,136,12/25/2022,45
421,589,5/10/2023,72
422,752,1/19/2024,39
423,591,9/8/2024,44
424,738,10/8/2023,43
425,6,11/23/2024,1
426,770,5/6/2023,29
427,877,7/24/2023,98
428,648,7/7/2025,48
429,425,4/16/2023,69
430,921,9/22/2025,6
431,488,5/2/2024,82
432,841,1/17/2025,70
433,697,9/5/2023,51
434,477,9/24/2025,32
435,715,9/29/2025,99
436,239,7/6/2024,4
437,1,8/17/2024,77
438,107,3/12/2023,96
439,550,3/7/2025,19
440,674,1/23/2023,15
441,557,2/8/2022,69
442,959,11/23/2023,60
443,774,1/14/2024,54
444,250,4/20/2023,31
445,453,9/19/2023,26
446,772,6/17/2023,61
447,674,6/25/2025,9
448,231,4/14/2023,45
449,682,6/3/2022,7
450,776,8/14/2023,41
451,877,12/24/2025,50
452,602,10/23/2023,40
453,170,3/19/2025,36
454,726,1/6/2024,39
455,375,12/27/2024,18
456,292,10/10/2023,73
457,93,7/4/2022,12
458,152,12/10/2023,87
459,861,6/11/2022,59
460,612,2/27/2024,24
461,217,8/7/2025,4
462,615,12/23/2022,100
463,453,9/17/2025,39
464,983,3/26/2023,29
465,132,11/7/2024,65
466,276,6/10/2023,8
467,347,8/13/2023,13
468,681,10/13/2023,81
469,104,11/13/2025,53
470,827,2/27/2023,96
471,308,1/7/2024,68
472,410,12/17/2023,88
473,787,7/18/2024,80
474,998,3/27/2023,94
475,373,8/19/2024,88
476,741,9/5/2023,93
477,943,9/1/2023,80
478,732,10/30/2025,41
479,47,11/10/2024,64
480,129,4/10/2023,23
481,667,1/23/2023,97
482,838,3/31/2022,6
483,836,6/5/2024,52
484,626,7/5/2023,40
485,266,4/26/2025,10
486,979,11/4/2023,73
487,418,4/26/2022,24
488,991,9/3/2025,98
489,379,10/1/2022,9
490,915,3/21/2025,49
491,319,8/25/2024,8
492,697,6/3/2023,93
493,104,3/14/2024,60
494,358,12/5/2023,95
495,130,8/18/2025,19
496,434,12/4/2025,25
497,772,1/27/2024,87
498,667,7/22/2025,70
499,306,4/24/2025,79
500,393,7/6/2022,10
501,201,7/17/2024,6
502,330,1/26/2024,8
503,882,6/12/2024,86
504,73,11/11/2022,17
505,382,2/12/2025,73
506,660,9/23/2025,69
507,21,2/25/2024,21
508,213,9/9/2022,2
509,896,2/21/2022,79
510,273,3/1/2023,29
511,415,11/13/2023,62
512,120,10/18/2025,77
513,477,10/10/2024,18
514,723,5/6/2024,76
515,904,4/6/2024,58
516,102,10/15/2024,67
517,305,12/2/2023,64
518,603,1/15/2024,37
519,830,3/10/2025,66
520,474,1/30/2024,23
521,625,7/6/2024,4
522,327,11/27/2022,70
523,367,1/15/2025,7
524,564,8/17/2023,24
525,699,6/28/2024,18
526,368,2/13/2022,81
527,263,2/3/2022,19
528,698,1/21/2022,94
529,174,1/16/2024,81
530,943,7/6/2023,32
531,16,9/9/2025,91
532,573,9/29/2023,3
533,150,4/8/2024,48
534,592,6/28/2023,10
535,410,2/26/2024,53
536,815,2/8/2023,96
537,687,11/18/2024,61
538,643,7/4/2024,8
539,640,3/20/2022,37
540,691,12/6/2023,18
541,443,8/17/2022,42
542,87,7/12/2022,19
543,308,7/26/2025,83
544,918,12/30/2023,25
545,421,5/28/2023,43
546,18,1/10/2025,56
547,83,9/12/2024,7
548,475,6/24/2023,10
549,504,10/18/2025,63
550,345,4/2/2024,75
551,837,12/20/2024,58
552,253,8/7/2022,2
553,549,1/30/2022,13
554,938,11/10/2022,25
555,399,7/22/2025,69
556,151,4/30/2025,98
557,730,7/10/2023,31
558,698,5/15/2022,6
559,182,3/14/2023,25
560,534,9/27/2023,77
561,863,3/6/2022,9
562,785,10/19/2025,59
563,540,2/12/2025,27
564,441,5/30/2025,82
565,84,11/12/2025,54
566,667,11/21/2024,44
567,621,3/15/2025,66
568,197,4/9/2022,62
569,173,3/10/2024,85
570,59,2/28/2022,82
571,754,4/6/2022,19
572,852,8/20/2022,10
573,811,7/24/2024,55
574,226,12/9/2023,78
575,686,3/5/2022,23
576,196,2/26/2025,1
577,576,12/27/2022,91
578,936,12/7/2024,66
579,556,3/28/2022,17
580,866,2/15/2024,81
581,46,11/22/2024,49
582,235,8/1/2023,56
583,433,9/3/2024,27
584,140,1/10/2024,86
585,628,8/5/2024,91
586,414,2/27/2023,6
587,616,7/1/2025,7
588,972,9/11/2024,46
589,605,2/6/2024,71
590,720,7/4/2023,4
591,186,9/19/2023,65
592,710,11/25/2024,99
593,334,7/1/2023,72
594,843,6/27/2024,69
595,941,2/16/2023,18
596,461,5/5/2022,11
597,935,3/14/2025,24
598,534,5/12/2024,85
599,709,10/24/2022,31
600,209,2/22/2022,21
601,933,9/20/2025,33
602,560,4/5/2022,74
603,358,4/13/2025,9
604,100,1/17/2025,28
605,586,8/31/2024,17
606,985,5/7/2022,43
607,648,1/13/2024,14
608,61,2/1/2025,12
609,834,11/28/2025,79
610,723,4/10/2022,52
611,862,1/2/2023,18
612,6,6/9/2025,33
613,657,4/12/2024,12
614,470,8/30/2024,50
615,417,5/15/2023,15
616,739,7/14/2025,51
617,498,8/25/2025,29
618,366,7/5/2023,83
619,257,4/2/2023,77
620,125,1/19/2022,71
621,856,5/3/2022,93
622,180,11/23/2024,82
623,205,1/20/2022,28
624,794,10/26/2024,56
625,22,5/1/2024,4
626,821,6/3/2022,86
627,578,1/24/2024,86
628,521,11/5/2025,85
629,87,5/8/2025,20
630,424,3/28/2023,7
631,668,11/8/2025,45
632,221,6/9/2022,93
633,977,9/13/2025,8
634,988,5/11/2022,8
635,58,12/30/2023,22
636,758,11/11/2022,87
637,106,11/1/2023,69
638,988,12/26/2022,6
639,289,5/6/2024,19
640,122,5/18/2024,34
641,348,10/30/2022,100
642,872,10/7/2022,80
643,773,4/23/2025,38
644,241,5/9/2023,64
645,371,9/17/2025,36
646,632,4/29/2025,89
647,919,1/13/2025,82
648,479,10/25/2024,96
649,831,2/20/2023,48
650,742,4/26/2022,80
651,658,9/3/2024,26
652,938,5/17/2024,22
653,850,3/30/2024,60
654,128,9/11/2022,80
655,97,2/4/2023,27
656,71,3/26/2023,31
657,361,7/3/2025,79
658,121,7/19/2025,68
659,159,7/27/2023,34
660,601,5/7/2023,75
661,905,5/26/2024,25
662,741,5/17/2023,10
663,296,10/4/2024,92
664,417,9/23/2022,33
665,934,3/10/2025,78
666,420,11/21/2025,1
667,223,11/12/2024,19
668,897,10/20/2022,5
669,914,11/7/2025,51
670,99,2/23/2022,69
671,299,6/24/2024,39
672,750,7/16/2022,43
673,79,12/28/2022,50
674,553,1/31/2023,45
675,750,12/14/2024,33
676,902,10/9/2022,21
677,413,2/29/2024,23
678,289,6/5/2022,24
679,471,2/24/2023,55
680,528,3/4/2022,91
681,373,6/8/2022,9
682,366,7/25/2024,29
683,888,9/24/2024,69
684,797,3/30/2022,56
685,215,7/19/2023,22
686,878,10/15/2025,9
687,347,9/28/2022,100
688,907,3/6/2023,56
689,118,9/5/2023,81
690,354,7/27/2022,38
691,100,9/8/2022,46
692,661,9/28/2022,30
693,501,10/4/2023,70
694,150,4/14/2024,84
695,6,7/10/2025,66
696,609,11/27/2025,3
697,844,11/7/2024,7
698,318,8/9/2023,79
699,858,4/30/2024,48
700,258,2/27/2023,10
701,787,12/6/2024,18
702,971,2/9/2024,53
703,323,8/19/2022,69
704,482,10/30/2022,73
705,67,12/5/2025,40
706,665,6/13/2024,29
707,107,8/13/2023,71
708,351,3/1/2022,15
709,248,2/15/2022,65
710,290,4/26/2024,87
711,225,1/29/2025,76
712,242,12/12/2025,52
713,275,11/1/2022,89
714,568,6/29/2024,84
715,961,3/8/2022,96
716,183,8/26/2022,32
717,573,8/1/2023,74
718,782,5/9/2023,29
719,296,3/20/2022,44
720,481,3/18/2022,75
721,530,10/22/2022,31
722,359,10/2/2023,78
723,341,9/21/2023,79
724,381,9/1/2022,94
725,235,9/13/2024,75
726,638,9/28/2022,27
727,771,5/16/2024,100
728,217,9/19/2023,18
729,525,4/15/2023,2
730,309,7/2/2024,20
731,697,3/6/2024,25
732,901,12/9/2023,66
733,529,1/23/2023,96
734,151,1/24/2024,81
735,269,4/27/2022,49
736,316,3/1/2025,54
737,568,8/15/2023,73
738,321,9/11/2023,67
739,74,3/10/2024,42
740,25,12/14/2023,8
741,681,3/27/2025,97
742,721,3/22/2024,98
743,357,9/14/2022,25
744,513,4/7/2025,30
745,76,9/13/2024,24
746,534,11/5/2025,25
747,605,9/20/2025,91
748,451,9/27/2025,20
749,494,6/11/2025,96
750,445,4/27/2022,59
751,767,8/5/2024,45
752,325,6/19/2022,20
753,887,2/18/2024,81
754,816,2/27/2023,80
755,827,6/20/2023,55
756,546,12/14/2023,63
757,648,8/24/2023,59
758,564,3/28/2024,1
759,638,1/21/2022,14
760,816,6/22/2024,73
761,177,7/3/2025,24
762,249,12/13/2025,62
763,383,5/24/2023,50
764,467,3/4/2025,72
765,207,1/29/2025,12
766,509,11/21/2022,71
767,73,12/9/2024,99
768,203,5/25/2023,79
769,290,12/18/2023,93
770,856,1/10/2025,10
771,828,9/4/2024,34
772,977,1/13/2024,49
773,985,11/11/2022,53
774,844,12/31/2024,61
775,84,8/6/2023,22
776,981,8/15/2023,2
777,266,2/20/2022,55
778,26,12/16/2022,93
779,31,10/19/2024,54
780,151,9/19/2025,87
781,126,9/26/2024,47
782,302,12/3/2023,51
783,873,7/4/2022,1
784,928,2/18/2023,31
785,796,8/18/2022,1
786,182,12/28/2025,83
787,693,4/24/2023,8
788,539,1/23/2025,61
789,666,7/25/2022,17
790,347,1/4/2022,65
791,840,12/17/2023,50
792,620,3/6/2025,51
793,379,12/12/2024,52
794,198,8/3/2024,90
795,534,4/28/2025,30
796,629,1/23/2025,83
797,250,11/23/2022,90
798,335,6/23/2023,38
799,504,5/5/2025,74
800,854,3/25/2024,4
801,556,11/9/2025,22
802,199,9/8/2023,79
803,439,2/11/2023,42
804,767,10/5/2022,88
805,486,4/7/2025,86
806,550,11/23/2025,91
807,859,6/18/2022,84
808,977,1/28/2022,5
809,177,6/7/2025,89
810,201,5/17/2022,1
811,886,1/14/2025,71
812,902,12/15/2024,78
813,866,9/27/2025,98
814,276,4/14/2022,21
815,526,6/23/2022,86
816,948,4/20/2022,35
817,110,10/24/2022,7
818,32,10/6/2022,20
819,807,7/1/2022,11
820,84,11/26/2022,68
821,897,12/4/2024,76
822,224,2/23/2025,81
823,666,10/19/2025,39
824,678,4/14/2023,24
825,336,2/22/2025,16
826,495,12/3/2023,95
827,534,8/11/2022,62
828,343,1/2/2023,84
829,998,5/9/2023,51
830,460,2/28/2024,79
831,245,5/30/2022,56
832,914,3/17/2023,90
833,117,8/31/2023,97
834,999,5/28/2025,77
835,141,2/5/2022,24
836,352,2/5/2023,1
837,219,8/3/2023,48
838,184,12/9/2023,57
839,167,11/24/2022,9
840,582,3/14/2025,23
841,219,10/22/2023,2
842,660,1/20/2025,34
843,558,1/13/2025,32
844,19,12/4/2023,62
845,652,8/19/2023,24
846,135,10/14/2024,23
847,353,10/3/2025,25
848,518,5/13/2025,96
849,638,9/21/2025,1
850,533,5/21/2023,88
851,651,6/13/2024,29
852,348,11/14/2023,54
853,350,8/16/2023,76
854,747,11/30/2024,35
855,494,6/30/2022,65
856,906,6/11/2023,38
857,472,2/8/2025,7
858,685,8/27/2023,44
859,869,4/16/2022,34
860,513,6/7/2022,91
861,10,4/26/2022,17
862,813,9/1/2025,50
863,696,11/8/2024,1
864,971,10/14/2024,15
865,60,5/30/2024,17
866,705,7/26/2024,11
867,416,2/7/2023,96
868,383,2/1/2022,22
869,672,10/18/2025,73
870,487,6/26/2024,12
871,618,6/18/2025,50
872,867,5/14/2025,33
873,3,11/10/2025,39
874,119,9/25/2022,27
875,687,9/26/2024,30
876,587,1/2/2024,82
877,864,5/5/2025,52
878,511,10/6/2023,92
879,700,4/8/2024,82
880,567,1/23/2025,1
881,131,7/13/2025,1
882,618,2/11/2022,76
883,439,2/4/2025,58
884,977,5/28/2024,52
885,215,2/20/2024,90
886,62,7/21/2023,77
887,515,9/26/2022,52
888,239,2/19/2023,1
889,482,11/23/2025,58
890,737,11/27/2024,13
891,16,10/31/2022,94
892,707,1/2/2025,9
893,796,7/15/2022,4
894,852,12/13/2025,9
895,147,11/16/2024,71
896,690,9/20/2024,28
897,93,9/17/2024,95
898,435,2/4/2024,32
899,137,3/20/2023,51
900,399,7/5/2024,98
901,172,1/8/2025,97
902,599,8/11/2024,66
903,201,3/24/2022,6
904,173,10/8/2023,6
905,132,7/17/2022,47
906,2,12/28/2023,47
907,976,5/3/2022,14
908,378,5/18/2024,16
909,938,10/3/2022,18
910,598,5/1/2022,51
911,678,4/26/2025,63
912,388,10/20/2024,37
913,824,3/3/2022,47
914,607,10/22/2023,12
915,199,11/12/2025,50
916,538,6/7/2023,87
917,84,3/9/2023,73
918,536,3/26/2025,76
919,46,8/25/2025,14
920,985,7/31/2023,21
921,839,6/12/2024,92
922,59,2/9/2024,89
923,306,2/24/2024,96
924,194,12/30/2022,92
925,348,4/20/2022,67
926,882,11/27/2025,68
927,775,2/27/2025,70
928,906,1/5/2022,30
929,768,4/8/2023,64
930,263,6/11/2023,85
931,499,12/13/2022,1
932,449,9/16/2023,60
933,312,8/19/2022,59
934,685,3/17/2024,80
935,339,8/18/2025,41
936,317,9/7/2024,74
937,310,11/29/2025,18
938,399,7/9/2023,39
939,217,6/9/2023,58
940,859,5/26/2023,27
941,151,6/18/2025,25
942,319,2/10/2024,57
943,218,7/23/2023,21
944,214,12/10/2023,99
945,124,8/22/2024,78
946,161,11/24/2022,43
947,983,11/13/2022,89
948,73,9/24/2022,16
949,633,4/20/2022,48
950,826,1/21/2023,71
951,48,8/23/2025,76
952,369,9/6/2022,84
953,165,1/5/2023,86
954,979,1/10/2022,4
955,419,2/27/2025,13
956,573,3/2/2025,78
957,975,8/16/2025,45
958,611,3/28/2023,57
959,848,8/10/2022,71
960,288,5/12/2023,77
961,320,9/15/2025,56
962,726,10/10/2024,48
963,618,3/23/2023,80
964,649,3/8/2023,80
965,115,4/26/2023,74
966,461,10/7/2025,11
967,885,4/12/2025,70
968,14,11/6/2024,78
969,290,1/19/2022,3
970,82,8/22/2024,35
971,532,12/27/2023,68
972,977,7/28/2024,50
973,83,9/2/2024,23
974,347,9/17/2024,32
975,458,11/15/2023,21
976,685,3/3/2025,53
977,189,3/15/2022,14
978,748,10/2/2025,68
979,501,7/8/2025,27
980,231,1/20/2025,30
981,855,9/7/2025,35
982,906,1/2/2023,57
983,249,7/30/2024,78
984,964,8/17/2022,58
985,212,6/13/2025,31
986,539,8/20/2022,56
987,371,11/21/2025,67
988,433,12/13/2025,13
989,222,6/24/2023,95
990,447,11/3/2024,72
991,432,3/10/2025,12
992,882,1/27/2022,5
993,193,12/10/2024,61
994,583,5/24/2024,3
995,98,10/24/2022,26
996,177,8/18/2023,5
997,420,6/27/2025,90
998,892,2/7/2022,13
999,214,5/7/2024,95
1000,975,8/23/2025,61
1001,90,10/14/2023,1
1002,774,1/28/2022,80
1003,655,9/10/2024,71
1004,439,10/27/2023,82
1005,434,2/1/2025,12
1006,859,6/22/2024,88
1007,86,2/24/2025,55
1008,698,11/4/2023,87
1009,202,1/12/2022,70
1010,95,7/10/2022,66
1011,527,11/2/2023,4
1012,976,8/4/2023,70
1013,736,3/6/2025,45
1014,762,8/25/2023,85
1015,718,6/10/2025,69
1016,787,10/2/2022,8
1017,514,7/17/2023,89
1018,129,1/9/2025,7
1019,840,7/1/2022,30
1020,451,4/15/2023,22
1021,501,1/3/2025,98
1022,371,5/10/2024,16
1023,183,2/10/2025,85
1024,927,1/24/2024,23
1025,782,6/9/2025,66
1026,644,7/5/2025,10
1027,403,11/24/2025,40
1028,823,6/28/2022,63
1029,546,5/13/2024,72
1030,444,6/16/2022,88
1031,451,12/1/2022,82
1032,228,3/15/2023,52
1033,93,8/2/2024,31
1034,555,9/23/2023,27
1035,888,6/17/2025,100
1036,64,3/13/2023,61
1037,859,6/20/2024,91
1038,828,1/20/2025,44
1039,277,12/3/2025,49
1040,632,12/25/2022,83
1041,166,12/7/2024,73
1042,759,5/4/2022,21
1043,701,3/4/2024,53
1044,355,8/28/2023,22
1045,68,11/1/2025,77
1046,971,2/3/2025,3
1047,446,9/16/2025,83
1048,894,5/27/2025,93
1049,678,8/23/2023,3
1050,779,12/7/2024,64
1051,760,2/14/2022,8
1052,195,3/26/2024,37
1053,364,3/11/2022,34
1054,467,11/24/2024,52
1055,498,11/13/2025,92
1056,44,9/22/2024,47
1057,547,5/12/2025,40
1058,155,12/9/2022,10
1059,744,12/23/2025,89
1060,684,3/15/2024,32
1061,923,9/12/2024,47
1062,745,1/30/2025,10
1063,367,7/23/2024,29
1064,968,4/9/2023,56
1065,411,6/12/2024,91
1066,326,8/13/2024,33
1067,906,6/6/2025,57
1068,371,12/5/2023,88
1069,77,1/4/2024,37
1070,470,1/6/2024,30
1071,796,6/17/2022,5
1072,190,5/12/2022,91
1073,463,1/30/2022,12
1074,130,8/31/2024,22
1075,687,9/4/2023,14
1076,476,6/18/2025,71
1077,331,10/22/2024,37
1078,227,7/26/2022,71
1079,565,5/27/2022,61
1080,670,6/19/2023,2
1081,941,9/7/2025,31
1082,438,3/13/2022,1
1083,161,10/1/2022,7
1084,833,2/13/2022,48
1085,630,8/28/2023,27
1086,701,12/16/2025,9
1087,98,9/25/2024,41
1088,313,12/22/2023,46
1089,768,7/30/2022,100
1090,833,6/4/2023,67
1091,436,2/6/2024,40
1092,805,2/6/2023,48
1093,842,10/27/2024,9
1094,388,12/2/2025,39
1095,899,10/28/2022,59
1096,289,1/4/2023,3
1097,240,7/4/2022,92
1098,683,11/26/2024,52
1099,637,11/6/2023,79
1100,140,2/19/2023,28
1101,833,11/17/2022,84
1102,200,4/13/2022,37
1103,805,11/27/2023,93
1104,8,9/25/2024,53
1105,797,12/10/2022,64
1106,787,1/3/2022,21
1107,781,11/23/2023,100
1108,665,9/14/2024,20
1109,472,5/20/2023,4
1110,706,1/1/2023,44
1111,278,8/14/2022,84
1112,781,12/26/2024,93
1113,556,6/12/2025,86
1114,459,1/29/2025,56
1115,506,1/28/2024,92
1116,569,11/23/2024,50
1117,38,8/3/2023,48
1118,140,2/5/2022,19
1119,246,6/22/2023,79
1120,115,10/25/2024,32
1121,440,8/3/2024,20
1122,669,12/17/2025,37
1123,655,12/28/2025,61
1124,472,12/21/2022,28
1125,856,1/14/2022,36
1126,566,2/5/2023,34
1127,80,7/4/2025,60
1128,765,4/3/2025,72
1129,575,5/25/2022,68
1130,635,8/23/2022,15
1131,566,4/3/2024,35
1132,554,8/23/2024,65
1133,91,12/6/2025,22
1134,560,1/8/2025,7
1135,795,11/6/2022,33
1136,304,2/24/2022,68
1137,603,7/14/2024,67
1138,31,3/20/2024,13
1139,348,9/8/2025,68
1140,437,4/21/2024,20
1141,983,1/3/2024,75
1142,215,3/20/2023,57
1143,277,5/7/2022,13
1144,409,7/4/2025,36
1145,993,4/21/2025,82
1146,854,8/26/2022,44
1147,35,10/25/2024,69
1148,234,6/17/2023,75
1149,822,10/1/2023,4
1150,59,5/24/2025,94
1151,856,5/15/2025,34
1152,282,10/6/2022,80
1153,918,3/26/2023,47
1154,294,4/15/2025,58
1155,435,9/1/2025,37
1156,662,4/26/2022,86
1157,127,5/2/2025,12
1158,558,12/16/2023,90
1159,506,5/12/2024,21
1160,784,4/21/2022,89
1161,997,9/21/2024,3
1162,665,9/17/2024,2
1163,410,8/26/2024,10
1164,407,3/1/2025,55
1165,418,10/14/2025,27
1166,815,5/26/2025,60
1167,322,12/24/2024,82
1168,167,12/4/2025,3
1169,335,9/12/2024,53
1170,23,9/8/2024,74
1171,107,3/2/2024,43
1172,91,1/28/2025,93
1173,772,4/15/2022,67
1174,723,1/9/2024,4
1175,697,9/14/2023,55
1176,462,8/26/2025,39
1177,718,4/17/2022,14
1178,162,7/29/2024,96
1179,901,9/27/2022,23
1180,502,7/14/2025,9
1181,939,5/29/2025,23
1182,153,12/10/2022,83
1183,498,6/27/2025,60
1184,697,12/27/2023,82
1185,496,11/19/2025,47
1186,447,12/2/2024,12
1187,167,2/20/2022,39
1188,382,10/24/2022,20
1189,239,8/13/2023,56
1190,302,11/5/2022,27
1191,684,7/13/2022,98
1192,631,11/29/2025,38
1193,608,6/23/2025,32
1194,362,9/27/2023,99
1195,960,11/11/2022,53
1196,88,9/23/2022,18
1197,343,8/30/2025,49
1198,119,4/30/2023,26
1199,339,1/19/2022,72
1200,962,8/4/2023,58
1201,367,10/26/2023,74
1202,909,6/29/2024,95
1203,496,5/10/2023,73
1204,700,9/10/2025,35
1205,458,7/29/2024,21
1206,266,12/12/2025,53
1207,765,6/21/2023,45
1208,970,8/10/2024,32
1209,264,6/18/2023,82
1210,779,10/19/2024,91
1211,262,12/25/2024,39
1212,717,4/16/2023,69
1213,790,10/1/2025,99
1214,450,6/6/2025,2
1215,737,7/30/2025,37
1216,273,11/15/2022,74
1217,80,11/14/2024,50
1218,97,6/5/2022,80
1219,448,6/4/2022,48
1220,903,11/22/2025,7
1221,128,8/12/2022,44
1222,456,6/16/2025,41
1223,705,9/22/2023,85
1224,203,3/20/2023,15
1225,722,4/18/2022,16
1226,306,9/13/2024,15
1227,809,11/19/2024,57
1228,580,11/14/2023,100
1229,547,3/29/2025,62
1230,177,4/18/2023,82
1231,464,3/17/2024,86
1232,857,2/23/2023,61
1233,20,4/30/2024,61
1234,759,7/18/2022,25
1235,493,11/27/2023,97
1236,720,3/13/2024,79
1237,664,3/24/2024,88
1238,433,10/15/2023,99
1239,309,7/29/2024,35
1240,628,1/19/2024,15
1241,141,2/18/2023,86
1242,585,11/11/2022,48
1243,95,8/4/2024,96
1244,650,10/3/2025,70
1245,629,1/5/2025,26
1246,85,7/21/2024,36
1247,758,9/8/2025,62
1248,416,8/7/2025,40
1249,787,1/10/2024,29
1250,42,6/9/2022,21
1251,180,7/15/2024,65
1252,494,6/28/2024,4
1253,189,2/10/2023,10
1254,330,5/26/2025,5
1255,661,6/24/2025,74
1256,145,4/29/2023,3
1257,678,11/28/2023,42
1258,104,10/13/2022,13
1259,176,9/18/2022,59
1260,588,1/23/2023,4
1261,794,6/19/2023,3
1262,171,2/3/2023,42
1263,300,8/10/2022,70
1264,926,10/16/2023,11
1265,990,6/30/2024,50
1266,582,4/22/2023,82
1267,448,2/19/2024,63
1268,347,2/1/2023,76
1269,613,10/25/2024,32
1270,591,8/5/2024,95
1271,295,11/3/2025,15
1272,23,3/19/2022,61
1273,152,5/31/2025,44
1274,959,5/13/2023,4
1275,419,4/7/2022,95
1276,483,10/4/2024,71
1277,468,9/8/2022,23
1278,783,9/14/2022,6
1279,65,12/2/2025,68
1280,83,11/19/2022,55
1281,276,3/10/2024,5
1282,487,10/21/2022,99
1283,672,7/1/2022,72
1284,491,1/2/2022,47
1285,442,1/24/2022,24
1286,938,11/24/2023,28
1287,162,9/27/2023,46
1288,572,2/26/2022,6
1289,543,5/26/2023,37
1290,474,2/3/2023,22
1291,808,4/14/2024,12
1292,267,12/24/2025,13
1293,954,10/7/2024,35
1294,332,9/3/2025,39
1295,546,10/8/2022,36
1296,521,11/11/2022,69
1297,850,1/1/2025,53
1298,439,3/29/2023,20
1299,285,5/25/2025,98
1300,22,11/9/2023,74
1301,364,10/21/2022,48
1302,827,5/18/2025,5
1303,10,3/15/2024,92
1304,897,3/18/2025,75
1305,543,10/23/2023,47
1306,141,7/4/2022,17
1307,303,9/21/2024,11
1308,555,7/1/2022,29
1309,316,8/27/2024,24
1310,109,9/1/2023,21
1311,666,3/2/2025,41
1312,673,6/25/2025,5
1313,119,8/19/2023,33
1314,282,7/12/2025,88
1315,244,6/12/2022,87
1316,660,6/6/2022,1
1317,731,12/22/2025,68
1318,727,4/19/2024,100
1319,939,10/21/2023,58
1320,769,8/16/2022,40
1321,321,2/27/2023,50
1322,108,9/29/2024,22
1323,615,4/15/2025,40
1324,917,8/31/2025,94
1325,976,8/19/2023,62
1326,231,10/27/2023,44
1327,237,8/27/2022,13
1328,38,5/2/2022,91
1329,142,10/2/2023,17
1330,555,4/26/2024,73
1331,547,6/2/2022,31
1332,371,8/20/2023,28
1333,310,7/26/2024,18
1334,830,3/30/2025,38
1335,461,10/3/2025,68
1336,809,5/13/2023,42
1337,964,7/27/2023,3
1338,318,7/2/2025,27
1339,203,10/9/2024,17
1340,953,2/4/2023,41
1341,635,9/27/2024,91
1342,291,8/19/2022,97
1343,622,10/19/2023,100
1344,516,3/24/2023,12
1345,906,12/21/2025,49
1346,256,2/21/2022,5
1347,992,6/5/2025,50
1348,937,2/15/2023,58
1349,181,2/22/2022,78
1350,165,8/22/2024,34
1351,534,9/17/2024,4
1352,45,7/27/2022,46
1353,299,2/25/2022,43
1354,436,6/12/2022,63
1355,970,8/21/2023,10
1356,993,7/13/2022,62
1357,152,10/24/2024,41
1358,892,4/24/2022,74
1359,91,2/26/2025,99
1360,749,7/1/2025,23
1361,846,11/13/2024,76
1362,891,10/11/2025,13
1363,224,10/4/2025,99
1364,894,3/10/2022,49
1365,116,5/15/2023,75
1366,519,1/15/2025,78
1367,470,5/12/2023,61
1368,316,12/12/2024,39
1369,23,2/5/2025,76
1370,773,12/27/2025,48
1371,336,4/27/2023,66
1372,662,5/24/2023,62
1373,411,2/5/2022,47
1374,374,2/22/2023,12
1375,887,2/14/2023,30
1376,95,10/24/2023,94
1377,737,9/8/2023,53
1378,747,6/5/2025,64
1379,380,2/4/2025,26
1380,263,11/30/2024,71
1381,6,1/8/2022,49
1382,937,11/21/2023,22
1383,948,12/1/2024,15
1384,241,12/24/2022,40
1385,32,9/13/2023,57
1386,123,11/28/2024,29
1387,68,3/6/2025,25
1388,832,6/2/2025,27
1389,892,9/20/2023,30
1390,154,8/8/2023,74
1391,747,7/14/2023,50
1392,180,9/3/2024,47
1393,368,9/5/2023,17
1394,600,8/8/2023,55
1395,720,9/3/2022,97
1396,875,12/1/2023,75
1397,45,12/13/2022,45
1398,197,2/6/2024,31
1399,281,7/22/2025,36
1400,311,2/7/2025,3
1401,999,11/30/2023,3
1402,778,11/29/2025,78
1403,321,12/3/2025,85
1404,972,10/12/2023,97
1405,500,1/20/2025,63
1406,501,5/16/2023,93
1407,434,7/7/2025,42
1408,144,6/30/2023,26
1409,935,1/13/2023,25
1410,14,7/15/2022,24
1411,175,5/16/2025,75
1412,230,3/10/2023,1
1413,280,4/3/2025,95
1414,132,5/7/2022,78
1415,18,1/2/2024,39
1416,678,9/18/2023,71
1417,970,10/4/2023,14
1418,122,9/2/2022,44
1419,297,4/18/2022,11
1420,507,5/22/2023,12
1421,928,11/19/2023,1
1422,695,3/5/2025,80
1423,767,11/7/2023,75
1424,582,12/26/2022,90
1425,418,1/19/2023,99
1426,200,6/12/2024,97
1427,865,9/29/2023,100
1428,805,8/9/2025,2
1429,26,10/5/2023,79
1430,716,4/8/2024,73
1431,85,4/4/2022,17
1432,739,10/11/2022,14
1433,826,5/27/2025,98
1434,132,5/19/2023,89
1435,434,9/8/2023,33
1436,124,5/12/2024,8
1437,568,3/26/2022,34
1438,928,1/11/2024,1
1439,81,5/21/2023,69
1440,398,8/6/2022,39
1441,974,9/4/2023,5
1442,301,10/15/2023,98
1443,133,9/30/2022,83
1444,489,3/4/2024,91
1445,509,12/26/2024,100
1446,663,1/26/2023,2
1447,314,11/13/2025,78
1448,956,6/13/2024,79
1449,522,2/3/2025,79
1450,287,4/13/2022,27
1451,961,1/26/2025,40
1452,925,5/7/2023,93
1453,500,11/3/2024,7
1454,25,3/21/2025,65
1455,597,1/1/2023,80
1456,556,1/14/2023,80
1457,149,3/28/2022,60
1458,634,6/3/2024,77
1459,841,2/4/2025,91
1460,106,8/23/2023,77
1461,724,8/24/2022,12
1462,141,4/8/2023,25
1463,749,8/12/2023,31
1464,420,8/31/2025,35
1465,7,7/1/2022,37
1466,967,5/17/2023,22
1467,166,7/21/2024,69
1468,597,12/12/2022,12
1469,182,7/16/2025,79
1470,934,8/21/2025,66
1471,739,7/10/2023,97
1472,805,12/25/2024,1
1473,433,1/9/2025,30
1474,468,9/23/2024,90
1475,635,9/30/2022,50
1476,785,3/14/2022,57
1477,847,5/23/2023,3
1478,18,7/11/2022,77
1479,664,3/4/2023,26
1480,110,7/21/2024,97
1481,288,5/10/2024,38
1482,830,11/2/2022,19
1483,251,1/26/2022,60
1484,797,11/26/2022,48
1485,464,10/27/2023,48
1486,233,2/12/2025,95
1487,335,6/18/2023,37
1488,531,2/22/2023,40
1489,766,3/16/2024,63
1490,607,4/15/2022,18
1491,934,11/26/2022,83
1492,868,2/23/2022,23
1493,754,2/7/2024,25
1494,604,10/10/2023,2
1495,290,5/1/2024,35
1496,413,6/20/2024,59
1497,119,8/1/2023,71
1498,375,6/23/2025,90
1499,927,9/3/2025,78
1500,426,6/11/2022,33
1501,114,9/6/2025,83
1502,652,10/15/2022,20
1503,963,12/29/2022,21
1504,868,2/14/2024,36
1505,275,2/12/2022,54
1506,454,6/16/2023,21
1507,532,10/12/2022,91
1508,248,12/6/2023,28
1509,269,4/5/2025,40
1510,237,9/12/2025,61
1511,995,11/7/2022,43
1512,747,3/7/2024,41
1513,841,11/25/2023,99
1514,817,8/30/2023,44
1515,960,7/13/2024,12
1516,106,12/16/2025,74
1517,882,8/16/2023,71
1518,67,4/6/2022,22
1519,476,8/31/2025,86
1520,595,9/23/2025,40
1521,358,4/16/2023,16
1522,147,1/3/2024,18
1523,193,6/14/2025,72
1524,825,1/6/2024,22
1525,319,12/5/2023,47
1526,311,9/8/2025,74
1527,924,4/25/2025,86
1528,144,1/12/2024,49
1529,916,8/24/2022,91
1530,921,10/3/2023,31
1531,599,9/15/2024,88
1532,166,2/3/2023,26
1533,156,2/24/2024,7
1534,285,8/20/2024,73
1535,578,5/5/2022,76
1536,154,4/12/2024,93
1537,456,12/13/2024,93
1538,116,11/10/2022,11
1539,541,3/12/2024,63
1540,22,11/2/2024,71
1541,710,3/6/2022,61
1542,56,7/30/2024,2
1543,195,1/15/2023,5
1544,175,8/4/2023,68
1545,831,8/4/2024,86
1546,54,1/7/2022,18
1547,430,1/25/2022,5
1548,592,10/15/2023,41
1549,516,10/19/2025,32
1550,681,1/9/2022,99
1551,804,2/26/2025,93
1552,394,4/20/2022,56
1553,829,12/16/2023,95
1554,318,9/22/2023,23
1555,985,11/15/2023,100
1556,505,4/30/2022,45
1557,737,1/5/2025,48
1558,876,2/7/2023,6
1559,793,1/31/2025,18
1560,852,8/15/2024,20
1561,537,3/16/2024,49
1562,44,3/27/2023,19
1563,494,8/10/2024,11
1564,182,12/28/2025,61
1565,890,9/10/2025,88
1566,237,8/31/2025,7
1567,229,11/17/2022,57
1568,250,5/5/2024,97
1569,643,8/5/2023,41
1570,572,11/13/2025,19
1571,949,10/20/2025,8
1572,417,6/22/2025,94
1573,283,8/26/2022,41
1574,50,4/11/2023,11
1575,8,11/5/2024,87
1576,374,12/31/2024,81
1577,926,5/27/2023,71
1578,524,7/19/2022,9
1579,894,7/20/2022,9
1580,102,9/27/2024,22
1581,94,10/26/2023,16
1582,834,12/19/2023,54
1583,107,4/6/2025,40
1584,52,1/25/2022,77
1585,405,1/7/2025,11
1586,925,2/5/2023,73
1587,690,9/22/2025,94
1588,100,10/27/2025,14
1589,838,1/4/2024,66
1590,844,4/7/2023,51
1591,801,12/7/2022,10
1592,903,9/23/2022,30
1593,240,12/30/2025,79
1594,980,10/1/2022,87
1595,321,10/15/2023,37
1596,803,12/2/2023,11
1597,580,9/19/2024,25
1598,780,5/16/2025,85
1599,628,3/26/2024,57
1600,643,1/12/2025,44
1601,617,4/7/2024,2
1602,779,10/1/2023,79
1603,740,8/19/2022,47
1604,135,11/1/2022,55
1605,827,9/24/2023,85
1606,537,3/9/2022,57
1607,324,4/8/2023,93
1608,515,11/7/2023,56
1609,967,11/22/2023,35
1610,858,4/5/2025,93
1611,834,11/14/2025,65
1612,463,12/2/2024,77
1613,785,4/27/2022,23
1614,386,8/20/2023,68
1615,687,12/2/2024,57
1616,640,5/18/2024,11
1617,250,10/31/2023,26
1618,267,9/30/2023,92
1619,62,8/17/2023,58
1620,140,4/25/2024,78
1621,434,9/19/2022,18
1622,478,1/27/2024,22
1623,166,10/28/2022,95
1624,417,9/21/2024,43
1625,605,6/17/2025,89
1626,233,1/12/2024,81
1627,339,7/21/2023,34
1628,368,10/6/2025,95
1629,506,8/21/2024,78
1630,367,9/18/2023,13
1631,737,2/12/2022,10
1632,328,1/24/2022,13
1633,434,11/20/2022,75
1634,380,12/12/2022,15
1635,183,11/19/2024,29
1636,686,1/2/2024,44
1637,236,12/31/2025,14
1638,297,2/29/2024,34
1639,793,8/12/2025,68
1640,949,3/18/2024,98
1641,671,6/8/2023,47
1642,917,11/9/2024,75
1643,855,10/19/2023,54
1644,481,2/6/2023,47
1645,771,11/23/2023,53
1646,329,8/29/2024,96
1647,461,7/3/2023,6
1648,536,10/25/2024,52
1649,961,12/3/2025,6
1650,849,8/24/2023,88
1651,490,3/8/2023,61
1652,653,8/11/2023,5
1653,203,5/9/2025,63
1654,805,9/19/2022,44
1655,554,11/23/2025,5
1656,533,8/28/2023,98
1657,767,5/14/2025,38
1658,633,2/23/2025,3
1659,73,2/18/2025,62
1660,289,8/21/2025,38
1661,177,9/28/2022,66
1662,735,5/17/2024,17
1663,36,5/25/2022,83
1664,203,3/14/2023,43
1665,598,3/1/2022,43
1666,695,9/23/2024,81
1667,504,6/6/2024,55
1668,861,12/17/2024,1
1669,919,9/15/2022,58
1670,133,5/1/2023,65
1671,953,9/15/2024,32
1672,615,4/22/2025,19
1673,637,7/17/2025,6
1674,96,4/18/2022,85
1675,622,8/12/2023,1
1676,726,1/16/2022,59
1677,581,4/10/2025,84
1678,85,6/29/2022,36
1679,524,4/16/2025,21
1680,936,8/16/2022,72
1681,724,1/23/2022,64
1682,138,7/8/2025,2
1683,960,10/4/2023,58
1684,959,9/13/2023,1
1685,170,8/2/2024,40
1686,801,2/6/2023,31
1687,407,10/6/2024,84
1688,594,9/19/2023,98
1689,446,2/3/2023,70
1690,783,7/31/2023,74
1691,997,1/9/2022,3
1692,796,3/17/2023,7
1693,932,5/14/2024,78
1694,947,7/21/2022,43
1695,91,6/23/2022,51
1696,254,8/16/2024,70
1697,722,9/18/2023,35
1698,591,7/19/2022,69
1699,51,12/28/2024,73
1700,96,2/6/2025,25
1701,521,2/20/2022,69
1702,617,10/22/2022,17
1703,168,6/26/2023,32
1704,172,12/4/2024,79
1705,130,4/19/2022,99
1706,565,3/22/2025,7
1707,8,4/12/2023,65
1708,573,7/3/2022,57
1709,476,6/15/2025,61
1710,466,5/7/2022,79
1711,680,7/9/2022,7
1712,523,10/19/2025,74
1713,728,1/30/2024,28
1714,764,11/8/2023,16
1715,921,10/1/2024,45
1716,800,7/9/2024,3
1717,518,6/15/2024,64
1718,493,2/3/2022,57
1719,236,3/17/2024,52
1720,600,2/12/2023,4
1721,140,3/26/2025,77
1722,932,1/9/2024,4
1723,846,6/30/2022,27
1724,120,7/18/2025,40
1725,786,2/20/2023,71
1726,118,2/1/2023,41
1727,722,9/29/2025,82
1728,88,2/6/2025,94
1729,489,6/9/2025,77
1730,658,8/25/2024,4
1731,729,8/23/2025,78
1732,419,6/18/2022,21
1733,922,5/26/2024,89
1734,775,3/5/2023,98
1735,209,8/6/2023,9
1736,672,12/14/2022,10
1737,731,10/27/2022,70
1738,334,10/9/2023,15
1739,739,9/3/2025,97
1740,899,7/17/2024,55
1741,818,5/26/2023,58
1742,763,9/26/2023,87
1743,635,2/14/2024,22
1744,271,12/24/2022,56
1745,796,2/1/2024,100
1746,365,10/13/2024,3
1747,533,12/22/2022,18
1748,315,5/3/2024,15
1749,314,10/31/2024,34
1750,158,1/29/2024,13
1751,962,3/3/2023,18
1752,148,3/21/2024,86
1753,87,3/4/2025,47
1754,937,11/21/2022,36
1755,556,4/19/2024,42
1756,438,9/21/2024,98
1757,738,4/15/2023,50
1758,384,7/21/2023,47
1759,128,7/22/2025,93
1760,730,6/16/2023,4
1761,176,5/24/2024,48
1762,553,8/7/2022,75
1763,950,9/14/2025,52
1764,937,5/21/2024,87
1765,361,1/15/2025,89
1766,781,5/30/2024,34
1767,613,6/4/2023,82
1768,480,5/13/2023,25
1769,140,10/21/2024,24
1770,377,6/10/2025,98
1771,652,7/6/2022,2
1772,987,5/20/2025,36
1773,5,4/27/2025,63
1774,718,6/9/2022,42
1775,847,6/8/2022,85
1776,952,10/12/2024,26
1777,424,5/16/2025,56
1778,119,7/30/2023,13
1779,271,7/24/2024,22
1780,851,12/31/2025,18
1781,878,4/17/2023,75
1782,638,11/25/2022,21
1783,123,12/19/2025,67
1784,122,2/14/2023,35
1785,479,11/22/2023,57
1786,589,10/8/2023,88
1787,33,2/4/2024,87
1788,687,1/28/2023,2
1789,545,9/19/2024,79
1790,13,10/8/2024,96
1791,96,10/21/2022,67
1792,455,12/4/2023,19
1793,723,3/25/2022,67
1794,826,11/19/2022,64
1795,432,12/13/2025,67
1796,296,1/10/2024,43
1797,969,6/28/2024,53
1798,459,7/22/2025,66
1799,316,11/8/2024,47
1800,443,3/3/2025,78
1801,13,11/6/2024,71
1802,302,12/30/2023,31
1803,516,7/13/2024,62
1804,919,2/26/2023,76
1805,739,7/24/2025,49
1806,782,9/20/2022,72
1807,545,7/15/2025,13
1808,111,7/7/2025,39
1809,391,7/27/2022,71
1810,998,11/3/2024,90
1811,45,12/16/2025,65
1812,880,4/15/2024,67
1813,685,5/13/2023,35
1814,284,7/8/2025,71
1815,778,1/19/2024,36
1816,837,6/27/2022,6
1817,44,12/31/2022,25
1818,107,9/24/2024,62
1819,666,10/28/2023,97
1820,1000,11/13/2022,50
1821,24,3/13/2025,87
1822,666,6/26/2022,78
1823,137,11/17/2022,57
1824,651,11/12/2023,81
1825,624,2/27/2022,41
1826,91,7/20/2023,45
1827,681,8/22/2025,74
1828,898,10/7/2025,64
1829,864,6/27/2025,53
1830,29,4/19/2023,44
1831,246,4/5/2022,98
1832,241,4/5/2025,7
1833,454,6/30/2023,6
1834,144,12/30/2024,48
1835,855,6/24/2022,4
1836,777,9/2/2024,35
1837,809,5/6/2024,57
1838,199,9/6/2025,41
1839,15,5/29/2022,21
1840,911,8/19/2023,29
1841,289,12/17/2025,61
1842,657,7/24/2023,96
1843,910,8/19/2024,79
1844,37,8/24/2022,55
1845,6,11/30/2024,14
1846,6,2/7/2023,25
1847,157,4/16/2024,45
1848,52,7/9/2025,25
1849,820,8/23/2024,69
1850,606,11/25/2023,37
1851,981,10/5/2022,84
1852,802,5/14/2023,27
1853,964,5/25/2025,50
1854,239,11/12/2022,72
1855,288,8/16/2024,21
1856,850,12/10/2023,77
1857,245,4/14/2023,59
1858,58,11/13/2024,65
1859,670,6/14/2023,46
1860,801,2/23/2023,94
1861,969,2/13/2024,78
1862,928,1/12/2025,20
1863,121,6/16/2025,56
1864,773,7/9/2024,91
1865,847,8/25/2024,28
1866,699,2/24/2025,54
1867,820,1/29/2023,76
1868,838,1/2/2023,28
1869,447,12/9/2023,52
1870,41,7/10/2024,56
1871,457,8/1/2024,18
1872,202,8/13/2022,18
1873,114,2/14/2025,57
1874,125,6/16/2023,18
1875,698,7/5/2025,95
1876,505,11/24/2024,53
1877,540,12/7/2025,71
1878,746,7/11/2024,40
1879,549,2/10/2024,30
1880,631,10/2/2022,49
1881,87,8/6/2023,72
1882,852,6/8/2025,40
1883,449,7/13/2023,29
1884,156,3/19/2022,15
1885,814,12/25/2022,55
1886,735,5/19/2024,68
1887,54,7/8/2024,53
1888,194,12/8/2025,26
1889,16,9/26/2025,25
1890,271,2/16/2024,38
1891,100,3/21/2024,35
1892,710,3/15/2025,21
1893,523,3/13/2022,95
1894,981,5/19/2024,33
1895,750,11/24/2023,26
1896,612,2/18/2025,61
1897,510,3/15/2025,81
1898,55,8/15/2024,47
1899,71,8/18/2024,67
1900,617,10/6/2024,10
1901,5,4/27/2024,54
1902,43,11/29/2022,7
1903,220,2/20/2023,14
1904,885,12/19/2024,60
1905,459,6/22/2024,21
1906,710,12/14/2022,4
1907,412,7/6/2025,18
1908,174,12/3/2025,78
1909,372,7/3/2024,59
1910,92,11/29/2022,39
1911,771,10/2/2025,98
1912,184,12/12/2022,39
1913,377,9/24/2023,88
1914,981,6/8/2025,35
1915,592,1/31/2024,3
1916,459,12/22/2022,12
1917,544,4/28/2022,28
1918,785,6/12/2023,19
1919,255,9/8/2024,16
1920,637,11/10/2024,39
1921,873,11/22/2022,98
1922,573,8/20/2022,21
1923,447,10/21/2024,24
1924,146,8/21/2022,100
1925,249,4/4/2022,21
1926,947,12/12/2023,84
1927,542,4/14/2024,63
1928,302,12/23/2022,93
1929,419,11/5/2022,56
1930,579,12/11/2022,60
1931,538,5/16/2023,23
1932,700,1/14/2022,58
1933,258,1/18/2022,68
1934,650,6/26/2023,99
1935,443,1/30/2022,10
1936,941,4/10/2023,16
1937,158,4/28/2024,2
1938,149,2/15/2022,80
1939,462,6/21/2024,9
1940,509,6/26/2024,92
1941,691,4/17/2024,37
1942,405,7/4/2024,29
1943,914,3/28/2025,98
1944,475,4/14/2022,73
1945,130,9/4/2022,55
1946,120,4/9/2023,89
1947,974,10/2/2024,76
1948,135,6/29/2025,64
1949,948,9/4/2025,33
1950,279,4/30/2024,99
1951,94,8/23/2023,72
1952,305,8/25/2023,95
1953,615,3/29/2022,97
1954,428,11/11/2023,55
1955,786,1/20/2024,36
1956,611,11/1/2022,95
1957,401,1/26/2025,100
1958,635,4/1/2025,13
1959,972,3/18/2023,64
1960,412,8/28/2025,61
1961,154,6/6/2022,75
1962,409,8/23/2025,98
1963,841,1/27/2025,26
1964,218,11/24/2022,98
1965,950,8/7/2024,65
1966,589,3/30/2023,9
1967,602,3/14/2025,52
1968,318,8/23/2022,14
1969,921,12/24/2022,96
1970,37,3/25/2023,77
1971,299,10/19/2022,91
1972,419,5/2/2023,61
1973,478,5/30/2024,40
1974,475,7/13/2024,43
1975,148,3/20/2024,95
1976,226,10/5/2022,16
1977,96,10/23/2022,89
1978,573,9/5/2025,43
1979,351,1/3/2023,60
1980,566,5/31/2022,67
1981,590,10/26/2023,9
1982,703,1/11/2022,15
1983,548,5/16/2023,17
1984,648,6/3/2025,78
1985,588,1/26/2023,8
1986,653,10/25/2024,62
1987,617,12/17/2023,11
1988,317,6/4/2023,77
1989,247,8/24/2024,98
1990,788,5/20/2024,42
1991,343,4/10/2023,22
1992,550,11/23/2022,45
1993,197,9/1/2025,70
1994,432,9/4/2022,73
1995,530,11/2/2025,64
1996,627,11/20/2023,59
1997,527,12/27/2025,64
1998,361,6/1/2023,22
1999,962,4/6/2024,21
2000,513,6/17/2024,94
2001,809,5/10/2023,58
2002,737,11/15/2022,87
2003,559,1/31/2024,63
2004,887,8/26/2024,46
2005,129,1/17/2023,58
2006,922,1/25/2025,70
2007,851,7/22/2024,19
2008,504,9/1/2022,47
2009,734,10/3/2025,73
2010,521,3/6/2022,9
2011,269,8/13/2024,8
2012,800,10/5/2023,17
2013,246,8/13/2024,60
2014,315,2/4/2025,24
2015,520,9/30/2024,44
2016,838,8/8/2024,14
2017,384,5/13/2025,26
2018,495,10/22/2024,2
2019,42,4/3/2025,81
2020,116,8/12/2023,47
2021,56,10/24/2022,18
2022,73,12/10/2022,53
2023,869,6/13/2024,94
2024,842,2/16/2024,83
2025,822,4/23/2022,89
2026,56,10/26/2022,41
2027,78,11/14/2025,37
2028,281,11/27/2024,32
2029,566,1/8/2025,31
2030,335,10/15/2022,92
2031,488,4/4/2022,14
2032,173,3/2/2023,86
2033,731,6/5/2025,92
2034,314,1/11/2024,85
2035,67,2/20/2025,63
2036,743,12/13/2023,86
2037,903,12/18/2023,4
2038,15,5/27/2024,82
2039,437,11/1/2025,52
2040,828,10/2/2023,96
2041,707,5/20/2024,9
2042,857,9/5/2025,94
2043,416,6/28/2023,58
2044,373,5/12/2025,11
2045,710,2/21/2024,51
2046,154,7/8/2025,4
2047,240,11/15/2023,9
2048,601,7/8/2024,54
2049,669,4/18/2023,82
2050,120,7/16/2024,11
2051,509,4/22/2023,27
2052,365,6/9/2024,40
2053,502,2/26/2025,55
2054,959,9/28/2023,1
2055,77,9/20/2023,64
2056,996,4/16/2023,50
2057,450,12/3/2024,97
2058,773,5/14/2024,31
2059,425,1/25/2024,50
2060,311,2/7/2022,9
2061,771,6/10/2022,92
2062,688,1/11/2022,84
2063,145,5/27/2025,36
2064,706,5/29/2025,47
2065,754,4/10/2022,86
2066,388,3/9/2022,30
2067,926,2/15/2025,24
2068,641,2/6/2024,25
2069,334,3/28/2023,71
2070,11,6/17/2024,22
2071,675,12/12/2022,9
2072,210,10/17/2022,17
2073,757,6/21/2023,99
2074,526,8/1/2025,88
2075,467,1/25/2025,96
2076,164,10/5/2022,28
2077,712,3/31/2024,45
2078,166,7/16/2025,50
2079,418,10/22/2025,53
2080,837,1/19/2025,3
2081,921,7/8/2022,60
2082,990,12/18/2022,4
2083,959,11/16/2022,28
2084,556,8/9/2022,30
2085,201,9/14/2022,68
2086,840,4/8/2023,90
2087,802,3/22/2024,70
2088,991,8/5/2023,44
2089,651,9/7/2023,53
2090,142,12/26/2022,52
2091,503,8/9/2022,15
2092,449,12/30/2025,96
2093,843,5/25/2024,92
2094,393,12/2/2022,25
2095,329,3/29/2025,12
2096,81,4/28/2025,17
2097,836,11/13/2025,63
2098,756,8/21/2022,3
2099,42,7/23/2024,11
2100,434,12/3/2025,65
2101,480,3/24/2025,15
2102,470,11/26/2022,7
2103,919,7/28/2025,3
2104,151,9/9/2023,71
2105,307,12/16/2023,37
2106,181,3/27/2024,29
2107,245,2/1/2025,64
2108,908,6/25/2022,18
2109,941,2/27/2024,53
2110,45,4/8/2025,49
2111,633,3/12/2024,68
2112,233,2/6/2023,63
2113,193,3/24/2022,68
2114,293,3/13/2024,22
2115,195,10/24/2024,15
2116,491,3/14/2024,54
2117,996,12/1/2025,6
2118,587,5/30/2024,46
2119,724,1/13/2024,63
2120,494,3/23/2022,83
2121,14,3/27/2024,66
2122,85,9/4/2022,100
2123,269,11/24/2024,56
2124,244,8/24/2022,45
2125,841,8/17/2025,25
2126,844,3/18/2023,68
2127,855,9/27/2023,82
2128,638,7/31/2022,33
2129,557,11/4/2022,8
2130,650,9/8/2025,2
2131,407,2/19/2023,64
2132,671,1/20/2024,67
2133,795,12/4/2025,13
2134,763,6/30/2024,3
2135,614,3/2/2022,66
2136,59,6/7/2023,40
2137,725,7/20/2023,42
2138,367,2/8/2023,27
2139,744,12/19/2022,72
2140,540,1/6/2024,75
2141,882,7/5/2023,6
2142,339,3/7/2023,9
2143,932,8/27/2023,56
2144,845,5/18/2023,61
2145,332,12/1/2022,15
2146,483,10/24/2023,16
2147,532,10/8/2025,69
2148,769,1/9/2024,46
2149,690,5/23/2024,12
2150,853,12/9/2025,61
2151,370,6/15/2024,8
2152,505,11/23/2022,24
2153,431,8/6/2023,72
2154,910,12/14/2023,23
2155,305,11/25/2023,7
2156,588,8/7/2022,96
2157,121,6/4/2022,23
2158,851,5/27/2023,52
2159,385,8/28/2025,83
2160,341,11/13/2024,99
2161,583,5/14/2025,81
2162,499,9/12/2022,34
2163,848,8/29/2023,86
2164,532,4/29/2024,2
2165,517,9/27/2023,33
2166,105,9/1/2023,20
2167,22,6/10/2023,53
2168,399,3/17/2022,90
2169,999,6/6/2025,78
2170,918,9/25/2025,100
2171,629,4/29/2022,14
2172,631,8/28/2023,76
2173,392,1/27/2024,73
2174,178,2/19/2025,46
2175,9,12/12/2025,10
2176,339,9/1/2023,11
2177,317,12/30/2024,92
2178,192,10/1/2025,30
2179,260,4/28/2025,64
2180,25,3/1/2023,95
2181,608,4/9/2025,50
2182,928,8/26/2023,21
2183,691,1/26/2022,49
2184,449,1/13/2025,23
2185,421,5/5/2025,19
2186,308,5/18/2023,82
2187,143,10/21/2023,35
2188,599,6/17/2023,69
2189,567,6/20/2022,73
2190,8,12/24/2025,55
2191,416,2/3/2022,55
2192,279,3/22/2024,19
2193,171,1/22/2022,53
2194,704,10/4/2024,76
2195,526,8/9/2025,20
2196,634,7/29/2024,24
2197,714,6/4/2024,70
2198,982,4/24/2025,99
2199,803,11/24/2025,40
2200,621,6/13/2025,83
2201,880,12/5/2022,19
2202,478,4/2/2024,57
2203,985,4/11/2025,95
2204,762,3/7/2023,45
2205,651,9/13/2024,51
2206,904,2/3/2022,16
2207,516,7/5/2025,53
2208,721,6/16/2024,59
2209,285,12/21/2024,99
2210,964,4/21/2025,21
2211,624,11/16/2022,37
2212,783,10/21/2023,65
2213,461,6/8/2025,95
2214,867,8/29/2022,24
2215,75,4/16/2025,70
2216,115,2/25/2023,88
2217,508,4/20/2024,64
2218,733,1/16/2024,43
2219,810,9/29/2024,24
2220,441,5/7/2025,29
2221,650,5/25/2023,6
2222,554,9/8/2022,16
2223,962,9/10/2023,44
2224,655,6/13/2024,15
2225,417,1/1/2025,2
2226,970,1/5/2025,70
2227,108,5/12/2023,8
2228,985,9/29/2025,15
2229,155,5/2/2022,60
2230,289,6/20/2022,93
2231,822,2/6/2022,73
2232,734,9/15/2025,4
2233,971,9/21/2022,17
2234,750,5/28/2024,75
2235,638,4/2/2025,74
2236,347,1/25/2025,40
2237,5,10/18/2025,95
2238,124,3/20/2022,89
2239,298,8/18/2023,75
2240,41,1/10/2024,75
2241,509,10/14/2024,79
2242,778,6/28/2024,15
2243,964,3/29/2024,71
2244,490,3/25/2023,94
2245,876,6/5/2022,23
2246,986,9/23/2023,2
2247,860,1/15/2023,37
2248,465,3/20/2024,27
2249,326,3/10/2025,95
2250,978,3/18/2024,45
2251,242,5/1/2024,67
2252,412,3/3/2022,99
2253,75,7/30/2024,79
2254,794,10/5/2023,75
2255,650,6/30/2022,97
2256,85,11/9/2022,69
2257,222,2/14/2025,24
2258,556,9/1/2025,73
2259,541,1/12/2024,33
2260,803,11/27/2025,34
2261,267,9/21/2022,65
2262,925,3/14/2023,32
2263,445,9/20/2025,3
2264,823,9/13/2022,100
2265,239,8/21/2024,58
2266,37,11/17/2022,68
2267,56,4/29/2023,81
2268,373,11/29/2023,64
2269,954,6/10/2023,62
2270,49,7/1/2025,80
2271,369,11/22/2025,30
2272,110,1/1/2024,83
2273,932,2/7/2024,73
2274,676,3/22/2022,19
2275,763,12/9/2022,15
2276,714,2/28/2022,88
2277,658,6/5/2025,90
2278,774,11/29/2022,100
2279,9,5/13/2023,11
2280,866,5/16/2025,90
2281,740,11/8/2024,87
2282,740,6/26/2024,77
2283,394,2/26/2022,50
2284,801,4/2/2024,51
2285,382,3/30/2024,43
2286,49,4/12/2023,3
2287,908,12/24/2024,51
2288,235,9/19/2025,24
2289,102,1/14/2023,21
2290,622,4/29/2023,6
2291,234,4/16/2023,46
2292,859,5/4/2025,5
2293,444,4/24/2022,85
2294,5,8/1/2025,89
2295,952,2/6/2025,81
2296,515,12/8/2023,31
2297,263,5/2/2024,17
2298,678,7/30/2025,51
2299,531,1/29/2025,68
2300,30,2/9/2023,3
2301,760,3/15/2022,86
2302,402,8/19/2024,44
2303,700,8/2/2022,82
2304,896,5/9/2022,8
2305,611,12/6/2025,43
2306,672,11/24/2023,46
2307,255,8/8/2024,5
2308,238,11/14/2022,71
2309,416,5/29/2022,94
2310,853,4/2/2022,55
2311,525,6/2/2023,40
2312,349,1/6/2022,64
2313,780,9/6/2023,37
2314,854,4/20/2023,36
2315,903,2/9/2024,76
2316,299,5/11/2024,60
2317,710,3/27/2023,27
2318,591,10/28/2023,41
2319,449,4/25/2022,84
2320,397,3/17/2023,53
2321,115,11/30/2025,8
2322,275,12/19/2025,86
2323,550,12/11/2023,75
2324,887,10/4/2025,27
2325,867,1/3/2024,97
2326,188,7/3/2022,96
2327,680,6/22/2025,100
2328,85,8/30/2023,38
2329,676,6/13/2024,93
2330,342,8/5/2024,81
2331,450,3/27/2023,88
2332,718,12/7/2024,55
2333,425,1/3/2024,28
2334,808,6/20/2023,23
2335,534,3/12/2023,97
2336,999,12/26/2024,51
2337,639,12/31/2022,93
2338,297,7/1/2022,56
2339,776,7/12/2025,54
2340,408,4/30/2023,8
2341,535,7/25/2024,41
2342,137,11/12/2024,56
2343,120,5/9/2025,11
2344,575,7/3/2024,17
2345,187,10/31/2024,60
2346,998,5/8/2025,25
2347,856,10/10/2025,71
2348,701,3/10/2022,47
2349,735,12/21/2024,41
2350,596,9/12/2022,12
2351,61,7/26/2025,41
2352,393,3/12/2022,55
2353,496,12/27/2022,58
2354,916,10/8/2022,28
2355,220,5/31/2024,3
2356,497,1/7/2022,94
2357,345,1/25/2022,96
2358,135,1/7/2024,91
2359,104,11/20/2025,29
2360,366,2/11/2024,61
2361,83,10/14/2023,15
2362,68,8/19/2024,91
2363,351,3/17/2024,1
2364,202,7/17/2023,48
2365,555,5/9/2024,86
2366,18,1/5/2022,73
2367,302,12/24/2022,87
2368,454,9/11/2024,50
2369,964,5/15/2023,10
2370,635,3/21/2022,1
2371,881,7/1/2022,16
2372,344,6/19/2025,6
2373,450,4/27/2023,45
2374,421,2/3/2022,6
2375,888,11/30/2024,19
2376,960,2/15/2024,42
2377,963,10/22/2023,74
2378,752,7/31/2025,68
2379,504,4/4/2023,6
2380,541,4/16/2024,91
2381,981,12/24/2024,55
2382,285,6/7/2024,35
2383,347,10/31/2022,39
2384,897,9/22/2024,85
2385,387,12/22/2024,47
2386,236,6/28/2022,25
2387,561,8/30/2022,43
2388,326,9/13/2024,7
2389,891,6/23/2022,16
2390,910,7/10/2025,32
2391,307,6/10/2022,23
2392,530,11/24/2025,35
2393,984,9/8/2024,7
2394,743,10/10/2023,62
2395,216,1/28/2023,12
2396,591,5/19/2023,22
2397,620,12/29/2024,98
2398,654,1/5/2025,1
2399,26,11/1/2022,28
2400,300,3/4/2024,51
2401,855,12/21/2025,31
2402,242,1/11/2023,33
2403,300,10/10/2024,13
2404,323,9/9/2022,43
2405,178,5/3/2025,76
2406,156,9/6/2022,59
2407,348,3/11/2023,93
2408,875,11/2/2023,70
2409,2,6/26/2023,79
2410,284,9/6/2022,44
2411,61,7/25/2024,62
2412,562,1/29/2022,58
2413,251,12/7/2025,82
2414,792,3/18/2022,51
2415,586,5/3/2023,41
2416,784,9/20/2025,8
2417,635,8/15/2022,86
2418,439,4/17/2022,44
2419,861,12/22/2024,80
2420,477,4/17/2022,68
2421,950,8/7/2025,1
2422,995,10/22/2023,66
2423,590,6/24/2025,49
2424,675,12/25/2022,24
2425,256,7/26/2022,27
2426,815,11/7/2025,64
2427,672,1/18/2025,9
2428,903,8/23/2025,61
2429,268,4/13/2023,85
2430,788,8/15/2023,9
2431,471,4/23/2024,1
2432,186,10/18/2023,7
2433,172,12/21/2022,74
2434,563,7/3/2023,85
2435,320,6/8/2024,99
2436,102,2/25/2022,3
2437,428,5/6/2023,49
2438,653,3/4/2023,5
2439,319,4/13/2022,38
2440,956,6/29/2022,31
2441,780,12/26/2023,61
2442,513,5/30/2022,91
2443,935,5/19/2023,81
2444,433,3/30/2024,7
2445,140,6/30/2025,25
2446,36,5/25/2022,28
2447,939,9/28/2023,26
2448,960,5/31/2022,36
2449,740,9/19/2023,61
2450,104,12/4/2023,74
2451,294,3/13/2025,94
2452,42,10/9/2023,71
2453,52,9/28/2025,30
2454,247,7/21/2022,19
2455,573,3/19/2022,38
2456,66,1/7/2022,80
2457,985,6/6/2023,100
2458,456,10/9/2022,40
2459,264,5/14/2022,18
2460,517,12/11/2022,1
2461,791,11/25/2025,8
2462,313,3/15/2025,64
2463,48,1/28/2022,59
2464,51,8/30/2025,65
2465,852,10/27/2022,3
2466,112,8/17/2023,44
2467,636,4/24/2023,19
2468,385,8/15/2023,34
2469,778,1/16/2025,63
2470,61,11/6/2024,28
2471,898,5/17/2024,66
2472,699,7/4/2024,29
2473,450,11/28/2024,52
2474,208,9/27/2022,46
2475,978,8/2/2023,39
2476,303,6/7/2022,13
2477,491,10/25/2024,58
2478,395,10/2/2023,100
2479,231,7/20/2024,65
2480,417,4/5/2024,75
2481,152,2/4/2023,81
2482,2,7/22/2022,4
2483,290,11/22/2025,80
2484,113,3/5/2023,25
2485,415,6/10/2022,67
2486,863,3/23/2023,99
2487,163,8/11/2025,90
2488,2,1/17/2023,42
2489,112,12/12/2025,84
2490,509,11/5/2023,62
2491,275,6/13/2025,14
2492,490,8/12/2024,24
2493,30,3/6/2022,96
2494,334,1/15/2024,92
2495,411,9/2/2023,90
2496,432,10/22/2022,39
2497,552,3/14/2024,33
2498,781,5/31/2022,81
2499,468,10/17/2024,3
2500,842,4/15/2025,90
2501,530,5/16/2022,61
2502,261,12/2/2023,64
2503,230,8/15/2024,44
2504,323,4/1/2022,98
2505,598,7/23/2023,75
2506,243,1/13/2023,6
2507,915,2/27/2022,53
2508,480,3/20/2025,86
2509,864,10/12/2023,8
2510,684,1/3/2025,74
2511,334,5/7/2024,25
2512,229,7/3/2025,51
2513,744,12/27/2025,89
2514,331,5/29/2024,50
2515,247,5/30/2023,4
2516,931,9/10/2023,3
2517,483,4/20/2025,74
2518,49,9/16/2023,94
2519,495,1/30/2024,30
2520,461,10/11/2022,94
2521,864,12/17/2025,46
2522,712,8/8/2024,6
2523,192,4/28/2023,54
2524,151,5/4/2024,98
2525,604,8/10/2023,26
2526,48,8/15/2022,97
2527,320,7/2/2025,66
2528,139,7/17/2025,40
2529,21,5/4/2025,70
2530,919,6/23/2023,41
2531,90,1/10/2023,9
2532,10,3/14/2022,88
2533,933,12/4/2024,38
2534,189,4/25/2023,57
2535,817,7/27/2025,75
2536,32,6/24/2025,9
2537,154,7/7/2022,73
2538,111,9/1/2025,37
2539,707,7/24/2022,55
2540,621,12/18/2023,46
2541,476,11/24/2023,78
2542,242,10/29/2025,19
2543,89,8/18/2024,11
2544,570,7/2/2025,42
2545,231,5/20/2024,12
2546,591,4/20/2025,25
2547,688,5/29/2025,66
2548,850,6/10/2025,82
2549,494,8/25/2023,70
2550,5,7/12/2023,32
2551,281,12/9/2025,82
2552,854,1/10/2025,41
2553,534,9/2/2025,19
2554,620,4/23/2024,76
2555,458,9/19/2025,52
2556,163,11/17/2024,38
2557,897,12/20/2024,67
2558,773,9/17/2022,73
2559,996,4/8/2024,23
2560,856,12/4/2024,12
2561,292,1/16/2025,52
2562,255,10/31/2025,6
2563,249,4/23/2023,64
2564,919,3/19/2023,44
2565,557,11/17/2025,22
2566,455,12/11/2025,60
2567,969,9/20/2022,38
2568,604,7/7/2023,39
2569,910,10/17/2025,22
2570,985,10/19/2022,68
2571,80,2/18/2025,91
2572,362,6/14/2022,62
2573,735,9/18/2022,24
2574,814,2/20/2025,84
2575,149,6/6/2024,13
2576,319,3/21/2024,29
2577,549,6/5/2025,4
2578,800,3/25/2023,85
2579,113,1/6/2024,5
2580,601,6/7/2024,55
2581,297,12/16/2024,20
2582,217,5/1/2023,22
2583,516,7/14/2024,61
2584,415,10/18/2023,81
2585,636,3/2/2024,2
2586,318,6/14/2025,16
2587,824,7/30/2023,29
2588,79,9/3/2024,95
2589,862,10/8/2025,6
2590,30,1/18/2025,18
2591,736,12/15/2025,41
2592,347,5/2/2024,33
2593,384,2/16/2023,5
2594,20,12/19/2025,55
2595,703,7/30/2024,61
2596,166,12/19/2022,18
2597,660,4/9/2023,69
2598,726,1/19/2023,6
2599,846,5/2/2025,74
2600,709,5/16/2022,26
2601,302,12/17/2024,23
2602,739,3/20/2024,20
2603,826,4/18/2022,87
2604,318,6/15/2024,51
2605,125,1/5/2025,70
2606,891,11/26/2024,21
2607,148,2/12/2024,6
2608,594,5/6/2023,4
2609,237,8/28/2022,45
2610,127,1/18/2022,33
2611,777,6/10/2023,77
2612,144,7/12/2024,79
2613,671,2/25/2022,32
2614,694,12/30/2025,44
2615,61,5/6/2024,39
2616,173,3/7/2023,68
2617,795,11/6/2025,63
2618,508,9/26/2022,66
2619,122,10/31/2025,6
2620,992,2/16/2023,34
2621,265,7/9/2023,97
2622,5,9/14/2023,35
2623,925,12/24/2025,18
2624,17,1/2/2023,20
2625,554,11/22/2025,3
2626,994,5/22/2023,79
2627,578,2/21/2023,1
2628,585,7/21/2024,60
2629,389,10/10/2024,40
2630,127,5/20/2023,10
2631,573,7/15/2022,89
2632,898,8/2/2023,75
2633,92,2/29/2024,82
2634,881,2/28/2022,94
2635,416,4/25/2022,92
2636,537,9/3/2025,71
2637,166,2/22/2022,54
2638,622,8/18/2023,70
2639,183,1/21/2025,45
2640,274,4/25/2023,19
2641,722,12/24/2023,39
2642,51,5/7/2022,47
2643,448,3/6/2025,5
2644,595,7/15/2024,85
2645,133,5/29/2025,91
2646,295,6/16/2025,42
2647,344,5/28/2023,50
2648,664,3/2/2022,85
2649,977,5/22/2023,46
2650,837,8/1/2022,69
2651,190,2/19/2024,52
2652,19,8/2/2022,28
2653,52,9/8/2025,80
2654,596,5/29/2024,20
2655,157,1/5/2023,23
2656,232,9/7/2025,70
2657,848,1/29/2025,71
2658,874,10/2/2023,96
2659,840,8/3/2022,72
2660,254,5/18/2023,3
2661,620,5/3/2024,85
2662,611,1/23/2025,42
2663,186,1/18/2023,1
2664,554,12/20/2024,58
2665,526,2/18/2023,18
2666,397,12/27/2022,42
2667,752,10/16/2023,48
2668,678,8/23/2022,8
2669,533,8/15/2023,86
2670,726,6/7/2023,52
2671,764,2/14/2023,97
2672,567,2/7/2025,47
2673,268,4/30/2023,60
2674,759,10/12/2024,82
2675,718,11/18/2024,22
2676,984,8/30/2024,91
2677,150,1/29/2023,19
2678,420,4/26/2025,100
2679,925,12/12/2022,64
2680,515,2/9/2023,52
2681,943,7/2/2025,22
2682,13,5/12/2023,57
2683,36,10/15/2024,56
2684,797,3/3/2022,99
2685,359,6/16/2024,84
2686,521,6/23/2025,49
2687,429,11/1/2024,39
2688,408,4/30/2024,39
2689,940,5/25/2025,38
2690,95,3/12/2023,2
2691,773,7/5/2023,4
2692,890,4/12/2022,76
2693,658,10/17/2024,26
2694,396,11/22/2024,42
2695,161,1/2/2025,70
2696,683,12/29/2024,61
2697,469,7/6/2022,37
2698,150,8/31/2024,76
2699,360,1/20/2025,16
2700,962,10/25/2022,48
2701,266,11/28/2023,11
2702,179,8/27/2025,54
2703,682,8/30/2023,10
2704,200,1/5/2025,95
2705,920,2/14/2024,66
2706,859,8/18/2024,25
2707,984,7/4/2024,62
2708,913,8/9/2024,35
2709,244,2/12/2025,52
2710,213,8/14/2025,17
2711,343,3/8/2023,51
2712,470,9/18/2025,11
2713,880,7/6/2024,16
2714,734,5/20/2024,59
2715,645,4/24/2023,51
2716,879,9/1/2023,30
2717,646,8/10/2024,6
2718,380,6/16/2023,43
2719,414,2/24/2023,93
2720,518,4/11/2025,71
2721,89,8/30/2023,6
2722,742,7/30/2024,94
2723,653,2/15/2022,43
2724,732,4/23/2022,58
2725,534,5/24/2025,1
2726,783,7/27/2022,32
2727,950,3/8/2025,79
2728,570,8/8/2025,34
2729,445,12/5/2023,17
2730,105,7/16/2025,10
2731,779,9/17/2023,93
2732,904,10/22/2025,82
2733,700,12/13/2022,5
2734,866,9/18/2023,93
2735,862,7/23/2023,83
2736,799,2/19/2025,36
2737,503,3/5/2022,66
2738,100,4/25/2025,26
2739,4,2/4/2022,25
2740,205,4/7/2023,72
2741,432,5/20/2024,21
2742,744,8/1/2022,36
2743,456,12/18/2023,36
2744,24,12/27/2025,16
2745,211,4/17/2025,83
2746,980,2/14/2022,68
2747,989,5/14/2024,87
2748,378,5/22/2024,53
2749,805,4/10/2022,18
2750,720,8/7/2024,28
2751,932,2/1/2024,36
2752,888,9/23/2024,95
2753,629,3/11/2023,24
2754,395,1/9/2023,70
2755,627,12/11/2024,13
2756,320,11/20/2024,96
2757,349,8/25/2022,65
2758,609,11/13/2022,44
2759,572,5/6/2024,35
2760,581,4/26/2025,36
2761,385,10/22/2022,23
2762,410,11/17/2022,60
2763,11,3/26/2025,87
2764,602,10/14/2024,25
2765,576,8/11/2025,75
2766,936,2/18/2025,57
2767,505,10/24/2025,78
2768,468,10/4/2022,77
2769,68,2/2/2023,4
2770,197,12/14/2022,3
2771,339,3/22/2022,92
2772,378,2/12/2025,16
2773,363,8/24/2024,58
2774,395,5/6/2022,76
2775,769,10/17/2022,51
2776,132,10/6/2022,1
2777,333,8/12/2023,2
2778,163,10/28/2023,67
2779,308,2/27/2023,90
2780,685,9/20/2025,35
2781,47,11/7/2022,55
2782,340,3/31/2024,94
2783,24,10/2/2023,83
2784,955,7/21/2023,55
2785,728,4/21/2025,66
2786,244,11/30/2025,97
2787,199,1/9/2022,80
2788,99,11/9/2023,42
2789,473,6/24/2022,70
2790,754,9/26/2023,33
2791,585,6/20/2024,93
2792,882,8/25/2023,10
2793,344,3/28/2023,23
2794,279,4/2/2023,35
2795,479,3/15/2023,21
2796,203,4/21/2023,60
2797,976,7/1/2023,72
2798,186,10/1/2024,90
2799,479,5/21/2022,51
2800,523,3/1/2022,63
2801,58,1/25/2024,60
2802,469,9/23/2024,1
2803,455,1/13/2023,71
2804,260,10/21/2022,3
2805,128,7/1/2024,55
2806,46,7/16/2023,100
2807,9,12/11/2024,79
2808,482,8/3/2022,51
2809,90,6/26/2022,32
2810,960,3/18/2024,84
2811,245,7/28/2023,86
2812,653,12/1/2024,37
2813,674,1/10/2024,11
2814,496,6/3/2023,59
2815,884,8/22/2022,64
2816,111,8/27/2022,94
2817,235,1/9/2025,90
2818,253,11/27/2022,23
2819,136,1/5/2024,26
2820,295,4/10/2025,100
2821,313,8/4/2025,33
2822,765,1/27/2023,46
2823,302,6/10/2022,31
2824,877,2/5/2025,40
2825,773,10/1/2024,57
2826,902,4/29/2023,30
2827,106,5/17/2024,42
2828,985,10/3/2022,36
2829,614,10/20/2024,11
2830,983,11/28/2024,79
2831,355,3/14/2023,90
2832,953,11/16/2023,50
2833,589,5/4/2023,21
2834,72,2/15/2022,65
2835,411,7/6/2022,54
2836,138,11/3/2025,56
2837,942,10/29/2023,60
2838,305,8/4/2022,72
2839,223,3/6/2022,5
2840,553,6/1/2023,10
2841,426,12/6/2025,10
2842,97,7/17/2023,16
2843,817,12/31/2025,98
2844,846,12/17/2023,74
2845,743,1/21/2025,67
2846,617,2/21/2025,70
2847,403,2/11/2022,4
2848,543,1/9/2022,22
2849,521,9/9/2025,80
2850,166,9/24/2025,47
2851,82,7/13/2022,51
2852,254,8/1/2024,76
2853,455,9/11/2025,8
2854,161,10/20/2025,80
2855,107,3/10/2023,69
2856,852,4/9/2025,41
2857,375,8/2/2024,50
2858,585,9/17/2025,8
2859,525,8/3/2022,21
2860,736,5/28/2024,25
2861,740,2/5/2022,88
2862,297,6/7/2023,12
2863,848,1/17/2022,30
2864,372,10/10/2023,14
2865,836,3/30/2025,29
2866,405,8/19/2024,2
2867,111,4/8/2023,28
2868,761,9/16/2023,73
2869,31,6/21/2023,77
2870,773,12/4/2024,38
2871,44,1/24/2023,71
2872,207,5/15/2022,62
2873,604,1/11/2024,91
2874,942,4/27/2025,81
2875,409,11/29/2023,23
2876,121,10/26/2022,59
2877,233,3/9/2022,79
2878,897,10/11/2025,31
2879,727,1/16/2025,58
2880,101,8/16/2022,41
2881,385,4/19/2022,31
2882,265,7/8/2022,20
2883,178,7/5/2023,4
2884,847,4/1/2025,75
2885,618,8/22/2022,82
2886,180,4/11/2025,66
2887,651,1/3/2022,25
2888,414,12/15/2024,2
2889,62,2/17/2023,64
2890,450,11/4/2025,20
2891,186,11/27/2023,55
2892,246,1/31/2023,98
2893,879,12/21/2022,1
2894,711,4/22/2025,58
2895,135,8/12/2023,100
2896,852,5/30/2023,34
2897,575,12/10/2024,82
2898,875,2/25/2024,83
2899,748,8/27/2024,49
2900,340,10/14/2023,31
2901,535,4/4/2022,69
2902,531,1/9/2022,62
2903,720,2/27/2022,48
2904,249,4/19/2024,20
2905,334,1/21/2024,75
2906,245,12/28/2024,22
2907,297,7/31/2025,14
2908,162,9/13/2022,7
2909,37,10/30/2025,45
2910,941,9/23/2025,13
2911,75,6/18/2024,34
2912,888,2/14/2024,25
2913,4,9/16/2022,46
2914,778,9/18/2022,78
2915,329,1/28/2022,46
2916,518,8/1/2024,56
2917,283,9/25/2023,15
2918,491,10/8/2022,12
2919,452,7/15/2022,98
2920,530,4/3/2022,62
2921,394,7/25/2024,2
2922,537,9/28/2024,57
2923,826,7/11/2024,2
2924,435,6/11/2022,8
2925,362,3/2/2022,38
2926,132,6/5/2022,66
2927,360,1/3/2025,63
2928,126,12/17/2024,80
2929,183,3/7/2023,18
2930,953,3/22/2022,20
2931,90,4/13/2023,54
2932,483,3/29/2025,87
2933,835,7/29/2022,73
2934,954,3/9/2025,67
2935,147,11/8/2023,10
2936,164,7/26/2022,88
2937,373,9/26/2025,99
2938,555,1/28/2024,59
2939,960,9/8/2024,34
2940,208,5/22/2022,67
2941,165,6/27/2023,65
2942,254,7/13/2024,93
2943,875,7/31/2024,12
2944,31,4/2/2022,52
2945,381,6/1/2024,71
2946,119,10/11/2025,35
2947,158,2/22/2025,85
2948,917,10/31/2022,7
2949,2,8/26/2025,11
2950,322,9/24/2024,80
2951,916,3/25/2022,13
2952,609,7/7/2022,42
2953,72,9/7/2025,29
2954,466,11/3/2022,69
2955,971,5/22/2022,2
2956,401,10/21/2023,36
2957,529,2/7/2024,99
2958,532,4/17/2024,37
2959,661,8/20/2024,60
2960,188,12/30/2025,99
2961,840,1/14/2025,61
2962,989,2/7/2022,76
2963,143,5/10/2022,96
2964,819,1/1/2022,62
2965,817,8/1/2023,84
2966,742,5/27/2023,51
2967,371,9/25/2025,82
2968,469,6/19/2023,65
2969,840,2/14/2022,34
2970,153,7/15/2025,56
2971,829,1/16/2023,34
2972,921,8/26/2025,40
2973,682,2/5/2025,30
2974,342,7/10/2025,50
2975,560,4/12/2025,35
2976,51,7/29/2022,63
2977,932,7/3/2024,37
2978,343,8/26/2023,50
2979,58,7/7/2024,15
2980,795,12/25/2024,39
2981,658,1/2/2024,36
2982,623,4/2/2023,97
2983,55,8/31/2025,45
2984,751,8/26/2024,3
2985,638,7/17/2025,31
2986,794,12/13/2022,73
2987,828,5/9/2025,17
2988,212,4/18/2023,17
2989,211,11/4/2023,38
2990,924,6/11/2025,36
2991,532,6/3/2023,49
2992,438,1/1/2023,4
2993,288,8/30/2025,73
2994,640,11/9/2025,22
2995,754,3/31/2023,72
2996,3,3/24/2023,57
2997,553,11/29/2022,21
2998,994,2/4/2022,47
2999,281,3/18/2024,4
3000,281,1/8/2023,71
3001,879,5/25/2025,31
3002,63,9/8/2022,39
3003,398,7/17/2024,16
3004,459,1/11/2024,37
3005,798,6/13/2024,40
3006,130,6/14/2022,23
3007,435,11/13/2023,98
3008,153,7/3/2024,28
3009,788,5/14/2023,19
3010,633,7/2/2025,55
3011,497,2/13/2024,32
3012,393,6/14/2023,46
3013,154,2/15/2022,73
3014,922,9/4/2022,8
3015,648,11/28/2023,51
3016,320,8/8/2023,3
3017,414,6/27/2025,5
3018,727,2/22/2025,10
3019,720,8/21/2022,17
3020,462,5/14/2024,35
3021,303,10/26/2023,94
3022,660,5/28/2022,91
3023,659,8/30/2024,11
3024,600,2/24/2024,100
3025,73,5/8/2022,64
3026,473,11/15/2023,56
3027,614,12/4/2024,80
3028,951,4/23/2023,49
3029,526,6/6/2023,27
3030,343,6/10/2022,53
3031,556,10/26/2022,73
3032,178,12/4/2025,69
3033,91,6/25/2024,17
3034,679,9/15/2022,94
3035,987,12/7/2023,29
3036,847,10/9/2022,82
3037,584,10/9/2023,32
3038,41,8/1/2022,7
3039,988,6/23/2024,100
3040,450,4/13/2024,59
3041,290,7/14/2024,22
3042,893,10/11/2023,1
3043,747,2/22/2023,13
3044,750,12/31/2022,17
3045,278,11/11/2022,93
3046,992,9/20/2023,18
3047,453,10/22/2023,17
3048,532,9/11/2024,84
3049,751,3/18/2022,88
3050,660,2/16/2023,21
3051,173,5/30/2025,66
3052,303,8/30/2025,54
3053,362,9/22/2025,58
3054,948,3/24/2023,32
3055,715,7/20/2022,76
3056,367,10/17/2022,89
3057,735,7/12/2022,73
3058,739,10/26/2025,91
3059,395,7/14/2025,12
3060,404,3/30/2025,66
3061,895,12/2/2024,100
3062,562,5/17/2023,54
3063,150,11/26/2023,95
3064,720,5/14/2025,35
3065,590,4/4/2025,90
3066,509,1/28/2024,94
3067,726,5/8/2025,63
3068,908,5/22/2023,71
3069,331,8/28/2023,53
3070,420,5/11/2025,32
3071,190,7/4/2023,54
3072,648,1/3/2025,97
3073,403,10/25/2023,2
3074,343,3/12/2023,21
3075,697,11/16/2022,50
3076,409,6/5/2024,34
3077,465,12/2/2023,63
3078,441,6/24/2023,37
3079,259,12/21/2024,66
3080,126,1/2/2022,11
3081,828,5/15/2022,34
3082,92,11/6/2025,70
3083,325,8/27/2024,48
3084,668,3/14/2024,72
3085,132,1/22/2022,64
3086,656,5/24/2024,33
3087,734,9/28/2023,43
3088,663,5/26/2024,97
3089,306,3/1/2022,97
3090,20,3/15/2024,4
3091,888,4/24/2024,71
3092,327,2/28/2023,50
3093,806,3/21/2022,1
3094,198,11/20/2025,64
3095,163,11/2/2024,3
3096,779,6/27/2024,32
3097,940,1/25/2025,70
3098,861,9/7/2024,82
3099,752,7/16/2022,42
3100,247,10/27/2023,81
3101,914,7/22/2025,84
3102,668,2/25/2023,45
3103,173,11/21/2025,18
3104,130,4/5/2022,66
3105,872,4/29/2023,2
3106,276,5/27/2023,90
3107,766,6/21/2024,39
3108,139,9/15/2022,77
3109,281,12/1/2022,74
3110,284,8/25/2024,48
3111,282,2/20/2023,98
3112,675,7/8/2025,80
3113,915,6/25/2025,89
3114,911,3/19/2023,10
3115,742,3/29/2024,49
3116,203,5/2/2023,96
3117,961,5/19/2023,82
3118,543,9/6/2024,46
3119,546,3/5/2023,8
3120,702,8/7/2022,29
3121,770,1/14/2023,58
3122,953,9/19/2025,65
3123,583,1/14/2023,93
3124,611,6/16/2023,10
3125,746,7/7/2024,40
3126,256,5/28/2022,28
3127,308,1/28/2023,97
3128,626,9/13/2022,17
3129,65,9/12/2025,23
3130,321,9/24/2025,30
3131,718,1/9/2025,11
3132,977,12/28/2022,65
3133,520,6/19/2024,53
3134,400,8/25/2024,56
3135,441,6/24/2025,91
3136,686,8/17/2022,44
3137,545,12/11/2024,32
3138,24,10/11/2022,38
3139,540,4/10/2024,81
3140,401,7/8/2025,53
3141,701,4/1/2022,17
3142,876,8/5/2022,69
3143,963,4/2/2025,75
3144,611,1/28/2022,25
3145,363,9/27/2024,56
3146,444,1/3/2024,57
3147,177,5/22/2023,18
3148,936,6/14/2025,1
3149,848,5/25/2025,72
3150,854,4/22/2023,62
3151,329,1/7/2022,72
3152,323,7/7/2022,38
3153,857,6/6/2022,52
3154,545,12/6/2025,99
3155,705,5/22/2024,23
3156,490,9/15/2024,66
3157,443,12/4/2022,14
3158,633,5/27/2025,7
3159,813,11/21/2024,96
3160,335,1/3/2025,13
3161,810,11/16/2023,66
3162,245,10/17/2024,52
3163,403,3/5/2024,81
3164,913,7/16/2023,55
3165,955,5/18/2024,70
3166,924,4/19/2023,90
3167,317,10/24/2025,83
3168,844,11/13/2024,73
3169,937,12/15/2024,17
3170,979,11/13/2024,17
3171,21,10/18/2023,50
3172,745,10/20/2025,66
3173,997,10/31/2022,67
3174,765,4/10/2024,79
3175,234,4/12/2022,11
3176,763,3/7/2023,18
3177,106,4/19/2024,15
3178,481,12/17/2023,55
3179,627,10/7/2025,64
3180,457,6/15/2024,12
3181,700,8/25/2023,87
3182,241,9/16/2023,31
3183,607,6/12/2024,67
3184,645,3/1/2025,76
3185,634,2/9/2023,4
3186,290,5/4/2024,87
3187,306,4/19/2024,98
3188,258,1/14/2022,96
3189,462,8/26/2025,14
3190,586,12/20/2022,40
3191,363,7/14/2024,24
3192,410,9/17/2024,46
3193,287,8/30/2025,98
3194,219,2/19/2022,77
3195,658,8/28/2023,78
3196,817,9/21/2022,43
3197,291,4/19/2024,94
3198,861,1/3/2024,93
3199,571,11/25/2023,81
3200,168,12/5/2025,82
3201,366,2/16/2024,66
3202,8,8/24/2023,10
3203,40,4/9/2022,29
3204,337,2/28/2023,77
3205,455,8/3/2025,33
3206,798,10/22/2023,18
3207,135,8/23/2025,95
3208,840,2/18/2024,49
3209,235,3/11/2024,87
3210,139,9/21/2023,29
3211,700,3/24/2024,36
3212,775,4/8/2022,35
3213,605,3/26/2022,38
3214,116,11/27/2023,44
3215,116,5/23/2024,30
3216,391,3/15/2024,82
3217,451,9/19/2023,33
3218,999,3/6/2023,45
3219,287,11/1/2024,87
3220,193,6/2/2024,44
3221,946,3/10/2022,2
3222,154,10/23/2023,1
3223,27,11/4/2024,44
3224,423,2/19/2025,65
3225,402,2/24/2023,95
3226,620,9/13/2025,14
3227,878,8/10/2024,55
3228,933,10/2/2023,29
3229,290,7/5/2024,46
3230,981,6/27/2025,45
3231,633,11/28/2022,32
3232,70,8/8/2022,2
3233,939,10/6/2023,8
3234,138,5/3/2022,53
3235,589,5/5/2025,23
3236,791,11/18/2025,33
3237,250,6/3/2024,10
3238,271,12/2/2025,5
3239,477,4/11/2022,13
3240,885,7/13/2024,38
3241,224,10/10/2023,17
3242,664,2/10/2023,24
3243,453,4/1/2023,31
3244,112,3/7/2024,30
3245,711,7/26/2024,2
3246,833,8/28/2022,12
3247,576,6/16/2024,96
3248,177,9/15/2025,67
3249,156,1/16/2022,13
3250,424,7/7/2025,29
3251,507,6/6/2024,39
3252,553,5/15/2023,91
3253,244,12/9/2024,88
3254,501,6/21/2024,78
3255,296,1/28/2025,11
3256,687,4/29/2022,50
3257,797,3/28/2022,49
3258,653,7/26/2024,64
3259,2,3/20/2023,85
3260,993,12/15/2022,33
3261,24,9/8/2023,56
3262,1000,11/25/2024,27
3263,32,9/20/2022,22
3264,517,11/22/2025,32
3265,106,9/7/2023,74
3266,96,8/8/2022,44
3267,684,4/14/2022,69
3268,728,6/6/2025,70
3269,119,6/15/2022,37
3270,977,9/5/2023,96
3271,321,9/3/2024,5
3272,319,1/20/2024,90
3273,297,1/19/2023,1
3274,462,6/7/2022,39
3275,178,11/5/2024,83
3276,425,12/18/2023,69
3277,210,3/12/2022,33
3278,52,9/22/2022,89
3279,369,4/2/2024,14
3280,673,9/4/2022,68
3281,764,7/26/2023,52
3282,354,7/1/2022,21
3283,324,3/10/2025,93
3284,788,7/10/2024,77
3285,682,2/19/2025,1
3286,833,3/18/2022,9
3287,907,7/3/2023,6
3288,822,1/26/2023,42
3289,937,6/28/2024,42
3290,417,4/15/2025,73
3291,395,11/29/2022,68
3292,322,1/29/2025,2
3293,236,4/27/2024,48
3294,749,4/18/2025,79
3295,715,4/29/2022,90
3296,802,12/18/2025,30
3297,168,9/27/2023,5
3298,492,2/14/2023,16
3299,222,9/24/2022,35
3300,894,12/9/2025,45
3301,268,7/14/2025,36
3302,144,7/11/2022,10
3303,570,10/13/2023,35
3304,880,12/7/2024,29
3305,916,5/13/2024,49
3306,97,10/4/2022,8
3307,326,6/11/2023,80
3308,154,6/22/2023,42
3309,308,2/26/2023,32
3310,534,11/4/2025,91
3311,281,10/24/2022,75
3312,68,10/29/2024,14
3313,511,8/25/2025,15
3314,53,3/7/2025,1
3315,227,3/14/2025,57
3316,1,8/21/2022,36
3317,87,7/14/2022,38
3318,437,2/17/2025,51
3319,851,12/26/2024,54
3320,775,12/19/2024,1
3321,99,9/4/2023,11
3322,35,2/4/2024,79
3323,339,1/23/2022,96
3324,653,3/2/2023,84
3325,747,2/11/2024,91
3326,824,7/3/2022,47
3327,343,7/9/2022,83
3328,169,3/8/2022,89
3329,27,11/3/2022,90
3330,147,12/21/2025,15
3331,66,10/13/2024,15
3332,861,10/17/2025,41
3333,269,1/11/2023,51
3334,824,5/24/2024,96
3335,554,7/27/2025,32
3336,539,5/30/2023,84
3337,455,8/18/2024,89
3338,820,10/9/2024,97
3339,44,4/30/2025,19
3340,93,11/17/2025,25
3341,424,6/17/2024,22
3342,395,5/1/2024,74
3343,546,6/23/2025,69
3344,738,9/27/2024,41
3345,588,6/13/2023,9
3346,258,7/9/2024,53
3347,328,3/13/2024,74
3348,753,12/1/2022,48
3349,202,1/24/2024,27
3350,505,6/30/2024,60
3351,539,8/13/2025,67
3352,751,4/28/2024,60
3353,715,8/29/2022,88
3354,465,12/13/2025,32
3355,310,4/24/2024,61
3356,368,2/24/2023,86
3357,412,1/7/2025,22
3358,220,7/17/2023,29
3359,626,6/25/2023,5
3360,209,5/11/2025,38
3361,649,6/21/2025,5
3362,752,2/5/2024,75
3363,962,6/29/2023,9
3364,119,6/15/2025,70
3365,760,9/11/2022,58
3366,86,12/27/2024,99
3367,338,5/3/2024,35
3368,177,6/1/2025,35
3369,163,9/7/2023,25
3370,176,4/30/2025,54
3371,44,1/23/2022,22
3372,824,1/12/2025,12
3373,62,4/13/2022,95
3374,399,7/27/2024,68
3375,700,10/13/2022,12
3376,991,11/8/2025,62
3377,854,1/28/2025,31
3378,138,6/2/2022,19
3379,988,7/27/2025,48
3380,654,1/4/2023,79
3381,180,3/8/2024,1
3382,449,5/5/2022,36
3383,918,6/4/2022,93
3384,393,12/19/2022,40
3385,184,2/20/2024,10
3386,876,3/4/2024,43
3387,953,6/4/2025,69
3388,976,8/30/2022,100
3389,956,12/30/2024,63
3390,873,1/9/2022,6
3391,455,3/2/2023,81
3392,193,9/13/2022,79
3393,618,7/1/2022,66
3394,221,5/3/2024,90
3395,474,8/8/2025,77
3396,657,9/1/2024,24
3397,947,6/1/2025,43
3398,290,5/14/2024,51
3399,252,3/20/2022,49
3400,735,5/21/2023,64
3401,7,4/18/2025,71
3402,567,3/6/2022,11
3403,746,5/23/2022,57
3404,551,5/3/2025,4
3405,384,4/3/2022,52
3406,829,11/2/2025,43
3407,372,1/13/2025,21
3408,711,8/29/2024,100
3409,465,2/23/2024,26
3410,27,5/11/2022,6
3411,531,8/29/2023,36
3412,50,3/26/2025,76
3413,931,8/13/2025,1
3414,602,10/16/2023,50
3415,373,5/11/2025,42
3416,487,2/8/2025,87
3417,620,3/26/2022,1
3418,261,6/25/2024,2
3419,289,6/19/2024,57
3420,419,3/4/2024,18
3421,259,2/2/2025,71
3422,758,7/23/2025,28
3423,104,3/15/2024,57
3424,827,4/14/2023,4
3425,349,12/7/2025,70
3426,562,11/8/2025,52
3427,158,9/29/2024,1
3428,386,7/24/2024,27
3429,755,6/2/2022,6
3430,271,8/10/2023,5
3431,133,10/17/2022,70
3432,522,1/23/2024,43
3433,163,4/22/2025,81
3434,315,11/25/2022,26
3435,451,12/27/2025,72
3436,565,7/9/2022,62
3437,640,5/24/2022,67
3438,677,11/24/2025,83
3439,845,5/27/2022,71
3440,67,12/10/2024,75
3441,363,1/20/2025,74
3442,2,4/28/2023,45
3443,10,4/5/2022,73
3444,213,3/27/2023,85
3445,599,4/11/2022,74
3446,895,9/9/2024,61
3447,774,7/22/2025,8
3448,647,12/27/2025,44
3449,779,3/15/2025,7
3450,172,2/5/2025,11
3451,840,7/11/2025,37
3452,891,1/29/2025,47
3453,96,8/8/2024,53
3454,470,12/26/2025,91
3455,831,4/17/2023,77
3456,477,8/27/2023,43
3457,841,8/17/2025,34
3458,936,3/31/2023,72
3459,475,3/13/2023,28
3460,60,8/11/2022,89
3461,341,2/7/2023,79
3462,216,5/17/2024,69
3463,475,7/19/2025,25
3464,586,7/19/2022,63
3465,464,9/21/2024,83
3466,196,1/24/2025,8
3467,302,8/1/2025,18
3468,680,12/31/2024,52
3469,27,8/16/2022,36
3470,215,12/16/2023,71
3471,893,10/23/2025,41
3472,100,8/20/2025,100
3473,415,6/14/2024,30
3474,207,11/8/2025,37
3475,105,9/2/2024,1
3476,423,4/5/2022,25
3477,522,8/28/2025,24
3478,177,9/3/2022,77
3479,78,7/11/2023,34
3480,135,12/14/2022,21
3481,652,11/17/2024,32
3482,861,2/13/2022,57
3483,181,7/24/2024,79
3484,321,6/16/2025,98
3485,344,2/24/2025,5
3486,361,3/25/2023,85
3487,245,8/3/2025,39
3488,56,6/13/2023,81
3489,526,9/20/2024,4
3490,358,1/11/2024,63
3491,343,4/9/2022,94
3492,265,1/5/2022,4
3493,930,9/25/2022,80
3494,611,9/27/2025,12
3495,419,10/25/2025,99
3496,206,8/23/2023,75
3497,802,11/16/2025,92
3498,889,3/14/2022,90
3499,33,11/14/2025,32
3500,930,12/4/2022,42
3501,700,2/23/2022,70
3502,100,1/12/2025,18
3503,754,7/13/2023,31
3504,108,3/4/2023,10
3505,51,1/14/2025,89
3506,116,5/2/2023,25
3507,460,1/4/2025,42
3508,620,10/13/2022,46
3509,408,5/6/2022,38
3510,122,4/20/2023,78
3511,200,6/9/2024,92
3512,853,11/25/2022,58
3513,963,7/28/2022,84
3514,755,12/30/2024,12
3515,104,12/22/2023,97
3516,820,9/23/2023,12
3517,692,12/17/2022,7
3518,527,1/26/2022,3
3519,144,3/19/2022,25
3520,997,9/22/2024,84
3521,443,4/27/2022,31
3522,45,12/27/2022,80
3523,210,8/23/2025,43
3524,402,5/18/2023,11
3525,63,12/23/2024,48
3526,324,5/17/2023,24
3527,469,9/23/2025,30
3528,949,4/15/2025,52
3529,87,11/18/2023,80
3530,577,9/26/2024,59
3531,916,8/27/2023,23
3532,807,10/11/2025,72
3533,925,6/8/2023,70
3534,171,5/7/2025,24
3535,802,6/19/2024,86
3536,979,7/29/2024,85
3537,327,5/29/2023,61
3538,499,5/1/2025,30
3539,531,12/26/2024,36
3540,494,4/6/2025,44
3541,290,3/16/2025,19
3542,971,8/19/2022,31
3543,957,7/3/2025,14
3544,381,5/14/2025,16
3545,806,12/21/2022,75
3546,398,12/5/2025,13
3547,795,2/9/2024,47
3548,585,4/16/2023,43
3549,471,11/23/2022,5
3550,129,6/17/2023,84
3551,655,2/24/2022,99
3552,322,10/6/2024,64
3553,217,10/31/2024,68
3554,194,9/2/2024,24
3555,982,3/13/2024,85
3556,104,6/14/2023,79
3557,799,11/23/2024,44
3558,867,6/27/2025,71
3559,32,5/9/2022,96
3560,590,7/14/2023,61
3561,578,12/25/2025,20
3562,359,6/13/2025,34
3563,667,12/23/2025,19
3564,409,9/25/2022,34
3565,440,11/11/2023,90
3566,432,7/10/2022,19
3567,801,6/19/2025,90
3568,634,1/28/2024,29
3569,380,12/22/2022,50
3570,927,5/12/2022,53
3571,803,12/13/2024,13
3572,933,4/1/2025,19
3573,731,7/8/2025,31
3574,392,11/20/2025,6
3575,773,4/5/2025,76
3576,330,2/22/2025,55
3577,271,4/1/2025,85
3578,452,12/30/2025,87
3579,970,11/8/2023,35
3580,568,1/13/2025,82
3581,384,4/13/2025,7
3582,462,6/19/2022,43
3583,292,10/6/2024,67
3584,659,5/11/2023,47
3585,351,7/13/2022,74
3586,555,9/6/2022,86
3587,370,6/16/2022,43
3588,321,8/4/2025,28
3589,971,2/1/2025,59
3590,346,5/30/2022,87
3591,71,7/2/2024,99
3592,379,8/22/2024,82
3593,533,1/29/2024,25
3594,95,6/4/2024,21
3595,306,8/18/2025,58
3596,167,1/29/2024,41
3597,501,8/21/2024,62
3598,724,4/14/2024,93
3599,969,8/2/2023,55
3600,390,7/25/2025,36
3601,864,8/28/2023,87
3602,215,3/14/2025,44
3603,781,6/3/2024,61
3604,563,9/27/2024,14
3605,759,1/15/2025,51
3606,756,12/11/2024,43
3607,533,4/4/2024,13
3608,258,6/18/2024,22
3609,527,1/14/2024,71
3610,827,5/11/2023,19
3611,971,11/28/2024,14
3612,928,7/8/2025,6
3613,182,10/27/2024,3
3614,598,2/2/2025,44
3615,105,4/28/2025,49
3616,669,6/21/2023,63
3617,993,4/2/2022,58
3618,53,5/9/2023,54
3619,657,1/7/2025,100
3620,946,4/6/2025,25
3621,848,1/21/2024,72
3622,393,2/11/2025,8
3623,104,4/20/2022,85
3624,924,7/30/2024,37
3625,922,9/19/2024,35
3626,579,1/12/2024,14
3627,979,11/12/2024,51
3628,5,12/20/2023,40
3629,617,2/5/2024,98
3630,39,6/1/2024,18
3631,936,3/5/2025,42
3632,681,12/30/2022,91
3633,914,3/15/2023,81
3634,563,9/4/2023,77
3635,84,10/22/2022,53
3636,27,5/4/2023,88
3637,336,5/28/2023,23
3638,744,4/5/2023,81
3639,152,8/23/2023,59
3640,853,1/8/2024,35
3641,240,10/13/2024,22
3642,497,3/19/2023,53
3643,204,5/20/2025,1
3644,466,12/2/2023,72
3645,453,11/19/2024,24
3646,6,6/17/2022,39
3647,568,9/12/2022,20
3648,787,10/25/2023,47
3649,937,6/20/2023,38
3650,331,12/26/2023,19
3651,881,8/20/2022,89
3652,879,9/30/2024,76
3653,989,11/30/2024,39
3654,374,12/29/2022,6
3655,851,5/19/2023,85
3656,566,2/7/2024,70
3657,59,1/27/2024,56
3658,271,3/2/2025,61
3659,673,7/25/2023,1
3660,161,9/7/2024,48
3661,435,7/15/2025,19
3662,775,3/12/2023,66
3663,150,4/17/2025,94
3664,497,5/2/2023,54
3665,215,5/4/2023,61
3666,537,8/12/2024,67
3667,241,6/27/2024,93
3668,966,3/13/2024,4
3669,77,12/4/2022,32
3670,964,5/21/2022,27
3671,792,8/20/2025,72
3672,856,6/30/2025,45
3673,852,7/19/2025,78
3674,188,1/19/2024,48
3675,932,7/16/2025,98
3676,595,11/23/2023,77
3677,963,4/21/2022,2
3678,879,10/17/2022,99
3679,580,2/3/2023,96
3680,375,7/5/2023,5
3681,118,10/3/2025,40
3682,102,5/2/2023,98
3683,390,6/14/2024,84
3684,811,1/31/2023,47
3685,506,7/28/2024,55
3686,482,4/8/2024,3
3687,245,8/8/2022,57
3688,565,11/7/2023,67
3689,639,6/3/2022,36
3690,983,7/23/2025,31
3691,730,10/25/2024,83
3692,608,10/7/2025,45
3693,911,7/3/2025,27
3694,425,11/17/2022,38
3695,935,10/30/2024,50
3696,370,5/27/2022,26
3697,128,11/4/2025,57
3698,418,2/21/2025,87
3699,129,9/21/2024,75
3700,119,12/24/2025,24
3701,882,5/22/2025,48
3702,795,6/15/2025,55
3703,222,5/27/2022,69
3704,838,2/4/2022,76
3705,69,11/5/2025,49
3706,285,1/3/2023,32
3707,707,9/15/2023,66
3708,304,3/5/2022,13
3709,731,6/29/2024,68
3710,875,4/14/2025,90
3711,67,5/14/2025,71
3712,24,4/29/2024,44
3713,941,8/24/2024,83
3714,521,1/21/2024,54
3715,507,10/14/2023,55
3716,464,3/21/2024,86
3717,434,9/29/2025,20
3718,691,1/4/2023,78
3719,580,11/18/2023,68
3720,164,5/28/2024,53
3721,627,4/12/2024,8
3722,669,2/14/2022,77
3723,114,2/24/2023,22
3724,377,8/1/2024,90
3725,791,10/11/2024,80
3726,619,12/9/2024,37
3727,137,12/19/2025,44
3728,41,9/10/2024,3
3729,582,4/26/2024,50
3730,462,5/1/2023,6
3731,962,6/26/2023,99
3732,523,4/22/2025,65
3733,932,11/16/2023,24
3734,215,11/11/2024,81
3735,448,7/1/2022,2
3736,140,7/7/2022,55
3737,575,11/11/2022,12
3738,189,10/13/2022,6
3739,493,6/5/2024,25
3740,345,7/19/2024,30
3741,186,3/26/2024,73
3742,97,2/27/2023,90
3743,513,4/22/2024,78
3744,948,6/24/2022,74
3745,199,11/22/2023,57
3746,405,8/15/2022,38
3747,225,4/23/2022,26
3748,809,8/30/2022,95
3749,415,6/12/2022,53
3750,975,11/30/2023,57
3751,246,3/8/2024,2
3752,81,6/6/2024,46
3753,583,10/5/2023,69
3754,652,9/15/2022,50
3755,991,1/31/2022,62
3756,872,11/6/2024,81
3757,885,12/6/2025,3
3758,635,2/15/2023,91
3759,360,10/27/2022,82
3760,430,4/1/2023,42
3761,134,11/10/2022,77
3762,432,11/23/2022,7
3763,365,12/24/2023,31
3764,36,2/21/2025,11
3765,205,11/6/2024,64
3766,535,11/3/2025,86
3767,370,6/7/2023,61
3768,994,12/21/2023,72
3769,479,7/10/2023,15
3770,959,3/3/2022,94
3771,661,7/22/2023,20
3772,41,1/16/2023,53
3773,204,12/1/2023,69
3774,706,8/19/2022,86
3775,546,12/19/2024,94
3776,302,5/16/2025,60
3777,523,11/4/2025,58
3778,903,5/4/2022,42
3779,389,6/21/2022,57
3780,46,11/13/2025,68
3781,311,5/24/2025,65
3782,936,5/9/2024,60
3783,762,4/15/2023,45
3784,838,1/27/2024,20
3785,912,2/22/2024,6
3786,118,5/22/2025,43
3787,283,2/13/2024,40
3788,60,2/10/2022,61
3789,5,10/19/2024,91
3790,835,2/9/2025,71
3791,937,3/12/2023,81
3792,156,6/20/2022,58
3793,723,7/27/2022,93
3794,535,5/13/2025,94
3795,70,10/16/2023,16
3796,916,2/13/2024,64
3797,872,11/4/2025,51
3798,568,3/31/2022,98
3799,708,10/28/2022,59
3800,398,5/2/2025,2
3801,793,2/29/2024,21
3802,446,2/9/2022,13
3803,990,10/23/2024,21
3804,64,7/22/2022,10
3805,173,2/16/2025,79
3806,969,3/11/2025,50
3807,289,4/19/2025,68
3808,311,11/11/2023,100
3809,792,1/27/2023,65
3810,190,7/11/2025,48
3811,514,3/27/2024,27
3812,287,7/17/2024,76
3813,198,7/19/2022,51
3814,965,6/29/2024,76
3815,200,4/27/2024,3
3816,95,3/3/2023,17
3817,674,1/25/2025,13
3818,868,7/15/2022,69
3819,128,11/17/2024,52
3820,708,11/5/2025,32
3821,541,4/8/2024,31
3822,831,6/3/2022,61
3823,127,3/19/2024,97
3824,976,2/12/2024,100
3825,620,3/17/2024,48
3826,843,2/3/2023,68
3827,362,7/3/2024,9
3828,944,1/21/2023,95
3829,627,3/26/2024,2
3830,127,5/18/2024,35
3831,923,8/1/2024,73
3832,796,3/11/2025,97
3833,301,7/13/2025,18
3834,546,2/9/2025,67
3835,389,3/8/2025,19
3836,544,6/23/2025,6
3837,966,12/21/2022,43
3838,899,3/4/2023,58
3839,216,2/18/2024,27
3840,972,11/12/2023,98
3841,438,10/22/2024,62
3842,705,1/14/2022,44
3843,765,7/23/2022,49
3844,483,12/27/2024,47
3845,457,4/15/2025,12
3846,457,3/18/2023,61
3847,863,3/31/2023,79
3848,387,3/31/2024,43
3849,280,11/29/2023,43
3850,362,9/5/2022,92
3851,195,1/2/2024,62
3852,392,4/12/2025,30
3853,115,12/1/2024,1
3854,90,4/9/2025,83
3855,724,7/29/2024,63
3856,78,7/5/2025,63
3857,569,12/31/2022,29
3858,780,3/9/2022,19
3859,725,6/16/2022,50
3860,447,12/20/2025,76
3861,194,7/24/2024,30
3862,931,12/29/2022,53
3863,836,6/1/2025,100
3864,613,3/29/2023,22
3865,87,5/22/2024,24
3866,36,12/31/2022,24
3867,316,5/19/2022,92
3868,158,1/26/2023,53
3869,861,11/30/2022,92
3870,206,3/18/2024,95
3871,283,1/31/2022,43
3872,976,12/17/2022,6
3873,819,4/9/2024,31
3874,219,7/30/2023,55
3875,384,7/18/2024,39
3876,516,8/15/2024,1
3877,665,11/11/2025,99
3878,937,5/6/2025,31
3879,872,11/30/2022,62
3880,978,10/9/2024,95
3881,41,7/5/2024,55
3882,237,5/18/2024,70
3883,564,3/13/2025,4
3884,50,8/4/2022,70
3885,356,7/3/2023,85
3886,154,4/7/2025,92
3887,933,7/27/2025,9
3888,64,2/24/2022,23
3889,149,11/20/2023,5
3890,196,1/21/2023,92
3891,149,9/3/2022,28
3892,569,3/25/2022,54
3893,365,2/26/2024,48
3894,913,9/2/2024,69
3895,261,2/16/2024,90
3896,538,6/23/2023,33
3897,661,1/31/2025,80
3898,626,8/10/2024,30
3899,797,8/20/2025,20
3900,202,5/23/2023,11
3901,508,12/16/2022,38
3902,801,10/28/2023,57
3903,864,1/11/2024,79
3904,618,11/1/2023,85
3905,652,5/1/2025,53
3906,865,3/8/2022,41
3907,625,2/11/2024,18
3908,949,9/21/2023,92
3909,128,11/5/2022,40
3910,348,7/25/2024,77
3911,113,3/16/2025,63
3912,91,3/8/2024,94
3913,472,5/5/2022,98
3914,226,4/20/2022,71
3915,408,9/9/2023,67
3916,438,9/3/2024,14
3917,621,4/4/2023,2
3918,946,3/28/2023,55
3919,850,6/10/2025,71
3920,379,1/22/2022,75
3921,326,4/27/2022,26
3922,771,8/16/2022,51
3923,124,12/8/2025,87
3924,541,12/28/2023,10
3925,424,8/20/2022,39
3926,183,3/30/2023,95
3927,617,11/17/2025,20
3928,321,10/11/2024,32
3929,186,11/23/2022,47
3930,654,12/18/2022,69
3931,175,4/20/2022,26
3932,673,2/3/2025,80
3933,163,7/20/2022,24
3934,435,2/23/2023,37
3935,808,5/24/2023,58
3936,229,6/26/2024,2
3937,768,6/4/2024,77
3938,722,3/13/2025,67
3939,903,3/11/2023,84
3940,169,7/18/2023,28
3941,716,7/22/2023,40
3942,937,3/10/2022,90
3943,764,12/13/2024,7
3944,188,2/22/2024,50
3945,823,11/26/2023,49
3946,108,12/25/2025,45
3947,589,9/19/2022,44
3948,498,11/16/2025,75
3949,532,9/21/2024,20
3950,520,11/19/2022,90
3951,32,9/18/2024,90
3952,509,1/9/2025,18
3953,937,6/14/2023,98
3954,437,5/19/2023,27
3955,277,5/5/2025,6
3956,995,8/23/2022,40
3957,99,1/20/2022,80
3958,487,8/30/2024,85
3959,513,8/17/2025,65
3960,478,1/2/2024,82
3961,922,7/17/2022,27
3962,422,2/27/2024,88
3963,974,1/4/2023,64
3964,67,4/23/2025,14
3965,734,6/13/2024,13
3966,593,5/7/2023,27
3967,241,7/1/2024,7
3968,228,9/1/2024,29
3969,720,9/18/2024,100
3970,638,6/20/2023,25
3971,612,4/13/2024,64
3972,51,3/4/2022,98
3973,598,8/13/2023,26
3974,982,7/7/2023,70
3975,18,2/21/2024,46
3976,470,10/20/2025,29
3977,495,10/25/2025,96
3978,897,12/8/2023,66
3979,283,8/2/2024,44
3980,476,6/8/2022,82
3981,718,12/6/2023,91
3982,61,10/1/2024,79
3983,802,9/24/2024,87
3984,823,11/8/2025,33
3985,720,11/13/2023,35
3986,649,8/19/2025,24
3987,748,11/30/2025,70
3988,782,4/15/2024,81
3989,904,5/14/2022,67
3990,429,7/4/2023,60
3991,457,1/22/2025,78
3992,638,4/28/2024,19
3993,194,9/29/2025,37
3994,857,4/7/2025,71
3995,771,4/3/2022,6
3996,632,6/12/2025,92
3997,302,6/7/2023,18
3998,348,4/11/2025,79
3999,435,1/12/2024,62
4000,663,10/28/2023,85
4001,779,4/16/2022,78
4002,672,6/23/2022,52
4003,930,5/19/2024,76
4004,961,4/11/2024,35
4005,705,3/21/2024,59
4006,371,8/17/2022,92
4007,600,1/16/2024,9
4008,426,3/31/2022,36
4009,630,7/30/2022,2
4010,813,12/30/2023,54
4011,370,6/20/2024,79
4012,506,8/15/2024,4
4013,46,12/5/2025,55
4014,737,6/1/2025,42
4015,490,7/9/2023,79
4016,460,2/17/2025,23
4017,533,5/20/2022,17
4018,216,6/6/2025,10
4019,598,7/19/2023,41
4020,746,1/15/2025,49
4021,350,11/19/2025,92
4022,132,10/24/2024,47
4023,387,9/6/2025,18
4024,199,1/15/2022,70
4025,374,9/7/2022,7
4026,627,7/3/2024,35
4027,114,2/29/2024,66
4028,748,6/26/2022,26
4029,225,11/15/2024,60
4030,895,3/27/2022,46
4031,733,12/18/2025,96
4032,273,8/17/2022,29
4033,564,10/13/2023,91
4034,111,4/17/2025,63
4035,100,1/22/2024,75
4036,957,12/22/2024,17
4037,803,10/25/2024,2
4038,155,10/18/2025,74
4039,283,11/9/2023,49
4040,198,12/1/2025,31
4041,396,1/25/2024,90
4042,292,7/29/2025,33
4043,329,12/6/2024,44
4044,530,7/14/2022,73
4045,190,7/29/2024,97
4046,883,7/7/2025,90
4047,728,7/7/2022,66
4048,761,5/10/2025,12
4049,170,6/4/2022,11
4050,709,6/26/2025,70
4051,837,2/26/2025,51
4052,176,8/10/2022,14
4053,752,11/27/2024,70
4054,358,6/20/2022,95
4055,788,4/9/2024,7
4056,479,9/11/2025,83
4057,803,10/28/2022,35
4058,148,9/11/2022,40
4059,390,9/10/2023,72
4060,274,6/23/2023,25
4061,249,3/12/2022,16
4062,309,10/29/2023,97
4063,383,1/15/2023,35
4064,128,7/1/2022,17
4065,708,2/8/2023,69
4066,551,1/31/2022,22
4067,830,8/29/2025,78
4068,706,12/23/2025,8
4069,150,6/22/2023,52
4070,70,7/4/2025,41
4071,423,11/6/2023,96
4072,482,8/25/2025,53
4073,241,9/10/2022,93
4074,783,2/20/2023,25
4075,582,12/16/2024,48
4076,748,11/18/2022,82
4077,110,4/18/2025,17
4078,816,9/15/2023,93
4079,207,8/14/2023,78
4080,449,10/25/2023,68
4081,440,3/11/2025,25
4082,821,1/9/2022,82
4083,277,1/1/2025,85
4084,241,2/12/2025,30
4085,340,4/14/2025,59
4086,361,12/27/2025,7
4087,182,2/16/2025,40
4088,177,2/12/2024,16
4089,232,11/12/2023,56
4090,468,7/22/2023,55
4091,344,4/23/2025,54
4092,393,7/28/2023,68
4093,720,4/16/2024,93
4094,241,5/21/2022,20
4095,910,4/9/2023,22
4096,752,1/24/2023,22
4097,175,9/28/2023,93
4098,314,1/4/2024,10
4099,184,11/12/2024,4
4100,273,9/23/2023,17
4101,366,8/8/2022,77
4102,131,3/7/2024,58
4103,15,3/21/2022,92
4104,439,5/25/2025,21
4105,701,1/30/2025,40
4106,303,11/26/2022,56
4107,861,1/20/2023,8
4108,370,2/10/2022,92
4109,901,6/17/2023,81
4110,236,2/25/2022,15
4111,540,9/30/2025,85
4112,764,7/16/2022,45
4113,60,8/21/2024,34
4114,931,4/13/2024,95
4115,365,12/13/2022,52
4116,498,3/26/2025,23
4117,629,6/9/2022,81
4118,643,7/19/2025,72
4119,24,12/17/2024,20
4120,868,7/16/2024,68
4121,624,7/9/2025,63
4122,999,8/12/2023,28
4123,472,2/16/2023,44
4124,614,8/14/2022,84
4125,442,9/12/2025,18
4126,890,8/10/2023,73
4127,833,4/26/2025,84
4128,909,5/1/2023,94
4129,505,10/27/2025,33
4130,792,6/25/2025,27
4131,359,3/27/2023,94
4132,461,12/13/2023,47
4133,761,3/6/2025,57
4134,82,11/27/2022,52
4135,711,2/4/2022,52
4136,16,2/26/2023,63
4137,581,5/12/2024,43
4138,478,7/19/2022,40
4139,469,5/3/2023,41
4140,495,9/4/2025,66
4141,492,4/20/2022,82
4142,408,3/15/2022,56
4143,452,9/12/2023,68
4144,569,1/19/2022,42
4145,764,2/10/2022,78
4146,553,9/25/2022,40
4147,643,5/30/2022,43
4148,837,3/30/2025,6
4149,990,6/29/2022,27
4150,109,2/4/2024,74
4151,713,10/27/2024,9
4152,226,7/3/2024,23
4153,197,8/13/2024,78
4154,794,6/7/2023,88
4155,69,7/22/2025,42
4156,848,4/11/2022,41
4157,771,6/6/2022,51
4158,995,6/4/2025,78
4159,668,4/10/2022,47
4160,873,10/8/2022,18
4161,119,9/11/2022,44
4162,890,2/18/2022,26
4163,161,6/20/2022,69
4164,315,4/16/2024,15
4165,129,8/24/2024,61
4166,402,5/2/2022,13
4167,749,10/8/2025,98
4168,269,5/20/2022,65
4169,823,9/30/2024,14
4170,607,3/15/2025,96
4171,629,1/31/2024,58
4172,939,12/20/2023,61
4173,432,6/9/2022,7
4174,345,12/19/2022,19
4175,995,5/27/2025,81
4176,558,5/25/2023,47
4177,615,2/20/2022,62
4178,297,12/1/2024,99
4179,216,9/25/2024,43
4180,170,4/7/2022,39
4181,224,3/16/2022,81
4182,196,6/20/2022,7
4183,747,3/16/2022,46
4184,58,6/19/2024,86
4185,630,7/13/2022,23
4186,950,6/5/2024,31
4187,766,9/15/2022,48
4188,403,11/21/2025,8
4189,60,11/26/2024,8
4190,835,7/2/2023,26
4191,4,9/19/2023,90
4192,682,4/6/2022,23
4193,671,3/22/2022,74
4194,192,2/25/2024,43
4195,740,2/3/2022,77
4196,176,7/21/2024,34
4197,226,7/13/2023,88
4198,812,7/23/2022,38
4199,980,2/22/2024,80
4200,265,3/18/2024,84
4201,922,12/26/2024,44
4202,914,10/16/2022,67
4203,770,3/10/2024,12
4204,141,5/19/2025,50
4205,300,1/30/2023,38
4206,678,5/5/2025,96
4207,1000,11/22/2024,94
4208,815,9/20/2023,79
4209,421,7/14/2025,95
4210,236,11/13/2025,98
4211,961,12/13/2022,77
4212,277,12/2/2025,60
4213,343,1/4/2022,21
4214,965,7/8/2022,82
4215,562,3/5/2022,20
4216,265,6/22/2023,19
4217,6,9/30/2025,88
4218,430,5/27/2024,12
4219,987,6/19/2024,15
4220,433,5/4/2022,52
4221,700,1/25/2024,59
4222,254,7/14/2023,5
4223,776,12/2/2023,38
4224,776,1/17/2023,23
4225,609,10/22/2022,31
4226,772,10/22/2025,19
4227,579,3/26/2024,68
4228,379,8/25/2023,48
4229,738,4/18/2022,96
4230,836,1/19/2025,1
4231,842,11/22/2023,78
4232,214,7/19/2023,91
4233,677,9/1/2024,49
4234,5,7/12/2022,70
4235,572,2/19/2024,45
4236,572,6/15/2025,60
4237,364,11/9/2023,91
4238,995,1/1/2022,54
4239,883,12/2/2022,58
4240,39,3/23/2022,99
4241,209,1/1/2024,50
4242,208,6/17/2023,18
4243,898,7/13/2022,69
4244,519,9/30/2024,70
4245,729,9/16/2022,24
4246,810,5/15/2023,73
4247,768,12/14/2025,7
4248,90,4/7/2022,33
4249,141,12/28/2022,86
4250,396,4/10/2023,62
4251,339,1/14/2024,61
4252,748,12/24/2022,63
4253,157,11/18/2025,17
4254,372,1/8/2022,97
4255,237,10/17/2025,30
4256,189,2/21/2024,79
4257,173,2/25/2022,99
4258,196,6/20/2022,25
4259,565,5/31/2022,64
4260,411,2/25/2023,5
4261,436,5/2/2023,64
4262,480,7/25/2024,45
4263,742,3/31/2023,8
4264,862,11/25/2024,68
4265,527,3/6/2023,97
4266,643,1/20/2023,9
4267,739,2/7/2023,90
4268,691,4/26/2023,85
4269,135,5/8/2025,55
4270,983,12/27/2022,91
4271,165,2/4/2023,31
4272,412,10/30/2025,73
4273,653,8/13/2024,70
4274,404,10/6/2022,59
4275,244,6/22/2025,84
4276,924,9/25/2022,88
4277,72,8/25/2022,79
4278,246,10/13/2023,59
4279,993,10/6/2024,98
4280,730,10/4/2022,56
4281,87,1/5/2025,64
4282,755,8/17/2022,19
4283,970,2/16/2025,33
4284,98,5/21/2022,91
4285,415,11/10/2023,50
4286,469,7/24/2024,52
4287,132,1/24/2023,82
4288,201,6/13/2024,33
4289,174,10/3/2024,27
4290,186,8/7/2024,1
4291,404,8/3/2023,24
4292,464,2/3/2025,52
4293,238,12/4/2024,73
4294,290,4/22/2023,33
4295,193,12/7/2024,45
4296,797,9/3/2025,23
4297,212,4/8/2025,82
4298,908,12/7/2024,53
4299,539,1/24/2025,15
4300,803,3/21/2025,61
4301,637,2/27/2023,34
4302,267,11/19/2024,87
4303,602,10/19/2022,27
4304,275,6/8/2023,87
4305,119,9/27/2025,70
4306,255,2/18/2023,14
4307,276,5/17/2025,76
4308,136,9/10/2023,73
4309,24,11/3/2022,46
4310,944,5/22/2022,17
4311,514,3/11/2024,48
4312,403,10/22/2023,61
4313,930,1/18/2024,14
4314,225,3/5/2022,35
4315,403,1/27/2023,71
4316,847,1/6/2022,56
4317,633,3/18/2023,100
4318,400,9/22/2025,22
4319,256,8/11/2022,78
4320,36,10/4/2024,43
4321,86,1/9/2022,23
4322,162,3/31/2024,96
4323,787,9/7/2025,63
4324,640,5/14/2023,54
4325,434,10/16/2022,30
4326,783,4/13/2024,89
4327,161,2/12/2023,4
4328,211,7/26/2025,12
4329,393,5/25/2025,18
4330,918,8/11/2024,66
4331,615,7/22/2024,11
4332,851,5/30/2024,80
4333,249,12/10/2024,20
4334,849,11/4/2023,68
4335,73,11/17/2025,80
4336,228,5/21/2023,88
4337,524,1/14/2022,30
4338,51,10/17/2024,8
4339,859,8/25/2024,76
4340,868,12/4/2025,45
4341,542,8/1/2023,95
4342,306,9/13/2023,19
4343,99,4/1/2024,58
4344,619,7/28/2023,12
4345,538,2/20/2025,49
4346,760,9/18/2023,1
4347,603,2/18/2025,76
4348,129,9/14/2023,61
4349,122,11/25/2022,10
4350,781,12/18/2025,50
4351,160,2/9/2024,43
4352,939,10/29/2024,68
4353,106,5/13/2024,50
4354,729,6/9/2023,46
4355,976,11/21/2025,84
4356,442,6/27/2023,52
4357,57,12/21/2025,82
4358,877,9/22/2023,89
4359,188,2/3/2022,85
4360,528,2/23/2022,96
4361,985,11/23/2025,70
4362,745,2/11/2024,57
4363,47,7/21/2023,54
4364,821,3/31/2025,21
4365,162,6/20/2024,83
4366,750,8/23/2024,70
4367,621,9/28/2024,88
4368,288,10/17/2022,71
4369,424,5/9/2022,49
4370,118,11/29/2024,30
4371,987,2/1/2022,99
4372,239,11/17/2024,74
4373,309,7/9/2022,88
4374,503,1/19/2023,59
4375,673,10/31/2024,52
4376,506,6/29/2024,4
4377,506,2/15/2025,7
4378,583,6/11/2024,71
4379,858,3/11/2022,23
4380,396,5/11/2025,9
4381,833,11/12/2022,78
4382,787,7/18/2022,63
4383,962,7/7/2025,12
4384,914,10/12/2022,50
4385,799,2/23/2024,47
4386,247,12/12/2023,1
4387,775,1/29/2025,61
4388,737,3/6/2022,40
4389,290,6/5/2022,88
4390,678,8/31/2023,12
4391,253,11/23/2023,85
4392,524,2/25/2025,1
4393,797,6/3/2024,77
4394,189,8/6/2022,79
4395,337,12/1/2025,41
4396,796,11/3/2023,29
4397,454,11/10/2025,15
4398,961,12/17/2025,34
4399,8,3/17/2022,67
4400,722,1/10/2024,73
4401,815,9/9/2023,19
4402,918,12/30/2023,2
4403,157,3/29/2023,57
4404,985,3/27/2024,59
4405,393,12/21/2023,99
4406,353,9/29/2022,77
4407,356,2/26/2023,56
4408,639,8/4/2022,60
4409,660,5/17/2025,65
4410,474,9/16/2024,46
4411,72,7/21/2023,68
4412,987,8/2/2023,20
4413,223,4/26/2022,84
4414,94,2/28/2023,87
4415,598,9/12/2025,44
4416,413,2/15/2022,46
4417,616,8/2/2022,50
4418,876,5/21/2025,82
4419,98,1/31/2024,18
4420,285,2/17/2022,35
4421,517,12/17/2023,62
4422,788,12/31/2024,70
4423,601,5/20/2023,30
4424,383,7/13/2023,12
4425,611,7/11/2024,51
4426,980,5/24/2024,64
4427,481,8/12/2025,77
4428,884,12/28/2022,1
4429,780,2/8/2023,2
4430,302,8/16/2022,39
4431,250,8/29/2024,57
4432,771,2/19/2024,1
4433,208,5/22/2023,18
4434,337,10/13/2024,42
4435,236,7/5/2023,28
4436,607,10/13/2022,72
4437,295,2/28/2024,4
4438,659,9/30/2023,89
4439,935,8/16/2023,17
4440,830,10/12/2023,45
4441,948,8/28/2025,99
4442,25,11/12/2022,67
4443,456,2/7/2023,100
4444,221,4/5/2024,2
4445,918,3/10/2022,72
4446,712,8/2/2022,8
4447,321,4/7/2024,62
4448,564,1/15/2024,33
4449,606,8/11/2024,78
4450,496,6/15/2022,13
4451,475,6/1/2025,90
4452,56,12/11/2023,49
4453,453,8/15/2022,52
4454,349,4/1/2023,58
4455,819,11/29/2022,4
4456,866,10/23/2023,32
4457,751,11/17/2023,71
4458,31,9/26/2023,97
4459,842,11/5/2023,99
4460,397,8/19/2025,54
4461,417,11/2/2025,26
4462,946,12/17/2023,48
4463,868,11/7/2025,47
4464,51,4/10/2025,40
4465,360,4/12/2025,37
4466,750,11/26/2022,87
4467,539,10/3/2023,40
4468,258,5/30/2023,3
4469,525,5/21/2022,73
4470,867,4/20/2022,67
4471,224,6/28/2024,38
4472,747,9/7/2023,63
4473,735,4/21/2025,95
4474,886,9/3/2024,93
4475,298,5/5/2022,79
4476,216,5/9/2025,59
4477,548,12/26/2023,3
4478,532,4/6/2024,52
4479,410,11/11/2025,82
4480,780,7/24/2024,85
4481,800,2/2/2022,78
4482,246,9/16/2022,99
4483,796,9/15/2023,52
4484,231,2/24/2022,11
4485,408,9/2/2022,50
4486,28,3/2/2025,32
4487,341,7/28/2022,84
4488,959,9/2/2022,78
4489,443,1/8/2024,43
4490,711,5/14/2022,39
4491,108,1/9/2023,16
4492,636,10/1/2025,5
4493,372,7/11/2024,32
4494,744,11/8/2025,25
4495,929,6/2/2023,27
4496,532,6/19/2024,100
4497,103,12/15/2022,69
4498,477,7/8/2023,56
4499,124,9/13/2022,18
4500,450,5/2/2025,85
4501,62,9/26/2022,65
4502,641,10/27/2022,52
4503,311,11/9/2023,47
4504,202,9/20/2023,56
4505,18,4/4/2023,84
4506,889,6/6/2023,73
4507,838,3/8/2023,49
4508,812,8/26/2025,67
4509,59,4/27/2024,93
4510,350,9/5/2025,33
4511,972,12/12/2025,91
4512,579,8/8/2024,61
4513,129,4/21/2025,19
4514,142,6/11/2022,97
4515,264,10/19/2025,69
4516,973,12/6/2023,39
4517,170,11/8/2024,22
4518,903,12/25/2022,92
4519,679,5/20/2022,83
4520,922,7/16/2025,5
4521,827,10/19/2023,64
4522,333,7/22/2022,12
4523,828,8/20/2024,30
4524,170,3/21/2022,57
4525,291,10/21/2023,25
4526,212,10/26/2024,52
4527,134,11/18/2024,43
4528,91,10/25/2023,59
4529,188,6/25/2023,81
4530,121,5/9/2025,16
4531,381,9/27/2022,80
4532,72,4/20/2022,23
4533,62,8/18/2022,4
4534,990,3/16/2025,45
4535,88,11/18/2023,31
4536,75,2/24/2022,19
4537,31,9/4/2022,43
4538,133,2/11/2022,87
4539,528,4/4/2025,59
4540,828,11/5/2023,73
4541,735,4/10/2022,15
4542,581,11/20/2022,8
4543,86,6/19/2024,34
4544,775,5/17/2024,78
4545,38,4/11/2025,89
4546,631,2/7/2022,11
4547,410,4/12/2022,48
4548,883,2/21/2022,40
4549,308,7/30/2023,75
4550,639,11/28/2024,21
4551,440,8/26/2024,49
4552,523,11/4/2022,85
4553,939,8/18/2024,47
4554,713,8/17/2024,79
4555,415,10/7/2022,63
4556,448,12/31/2024,60
4557,705,9/9/2023,26
4558,347,3/28/2022,100
4559,168,7/25/2023,25
4560,468,1/29/2025,94
4561,69,10/14/2024,99
4562,170,1/28/2023,52
4563,421,1/10/2025,87
4564,797,7/24/2023,72
4565,782,11/4/2023,74
4566,261,5/7/2022,7
4567,422,12/27/2025,14
4568,154,5/10/2025,7
4569,756,10/12/2022,4
4570,247,3/30/2024,84
4571,800,2/14/2025,18
4572,843,1/8/2024,1
4573,690,11/4/2022,94
4574,331,11/16/2025,28
4575,953,1/28/2023,82
4576,687,5/4/2023,97
4577,646,6/27/2023,53
4578,857,7/25/2025,93
4579,882,1/1/2024,97
4580,78,11/17/2024,15
4581,882,8/9/2025,15
4582,766,9/18/2025,37
4583,207,6/5/2025,56
4584,308,8/19/2025,79
4585,753,10/17/2025,19
4586,217,12/18/2025,20
4587,453,7/28/2024,31
4588,689,7/12/2022,28
4589,651,6/15/2022,95
4590,910,3/8/2025,40
4591,112,4/7/2023,87
4592,296,3/21/2025,6
4593,985,9/27/2025,11
4594,569,7/30/2024,81
4595,249,1/21/2025,25
4596,290,2/12/2023,9
4597,340,9/27/2023,60
4598,555,11/11/2025,15
4599,285,4/8/2025,7
4600,622,10/26/2022,41
4601,446,9/29/2025,56
4602,611,12/31/2023,53
4603,156,5/17/2025,59
4604,624,2/1/2024,3
4605,925,6/1/2024,30
4606,136,8/25/2022,35
4607,328,5/10/2023,30
4608,694,11/21/2024,56
4609,618,5/15/2025,23
4610,675,5/10/2022,64
4611,560,4/23/2022,94
4612,683,10/9/2024,67
4613,610,10/16/2023,39
4614,75,5/24/2025,44
4615,752,4/10/2022,59
4616,447,5/26/2023,73
4617,52,2/21/2022,31
4618,410,11/2/2024,4
4619,436,6/7/2025,71
4620,87,8/18/2022,67
4621,997,4/19/2023,11
4622,223,5/20/2025,63
4623,331,3/2/2022,8
4624,441,10/22/2025,65
4625,833,7/19/2025,75
4626,743,8/12/2022,2
4627,771,7/22/2022,73
4628,238,10/7/2024,13
4629,846,1/15/2022,27
4630,830,1/10/2024,71
4631,464,4/7/2022,36
4632,546,2/16/2024,98
4633,38,5/27/2023,96
4634,761,10/29/2024,99
4635,961,7/10/2025,11
4636,473,12/16/2023,18
4637,541,7/26/2024,19
4638,500,5/27/2024,59
4639,83,12/9/2025,44
4640,620,12/4/2022,75
4641,722,12/16/2022,29
4642,928,7/7/2023,20
4643,930,12/12/2024,65
4644,492,6/18/2025,62
4645,959,2/11/2023,70
4646,529,6/10/2022,32
4647,643,6/8/2024,53
4648,602,5/23/2024,93
4649,999,7/2/2023,62
4650,738,9/27/2022,94
4651,121,5/26/2025,44
4652,72,5/21/2025,5
4653,410,12/28/2024,77
4654,516,4/25/2024,47
4655,669,1/17/2023,5
4656,482,8/12/2023,14
4657,515,4/10/2022,32
4658,922,12/31/2022,20
4659,335,10/21/2023,69
4660,494,10/1/2023,62
4661,558,4/28/2022,33
4662,469,10/31/2025,9
4663,969,1/27/2023,8
4664,963,1/14/2024,95
4665,514,11/11/2023,35
4666,451,11/17/2023,11
4667,589,5/19/2025,72
4668,181,12/26/2024,87
4669,426,6/21/2025,13
4670,217,7/8/2023,95
4671,145,1/23/2023,73
4672,96,9/17/2023,26
4673,588,3/31/2024,78
4674,1,5/8/2023,42
4675,647,11/4/2023,64
4676,432,8/9/2022,13
4677,367,5/2/2024,25
4678,770,11/8/2024,78
4679,539,2/10/2024,81
4680,734,6/29/2025,2
4681,710,12/25/2025,22
4682,33,8/16/2025,61
4683,216,5/16/2022,91
4684,570,7/10/2025,68
4685,976,5/3/2023,71
4686,155,10/23/2023,39
4687,106,8/25/2023,6
4688,942,2/20/2023,77
4689,967,7/5/2025,80
4690,168,7/21/2024,45
4691,402,11/13/2025,51
4692,627,10/26/2025,24
4693,196,9/6/2023,46
4694,327,11/28/2024,25
4695,396,1/4/2024,43
4696,642,12/24/2023,14
4697,309,12/16/2024,61
4698,413,10/3/2024,25
4699,290,8/25/2025,73
4700,760,2/2/2025,52
4701,154,6/27/2024,90
4702,231,9/5/2025,23
4703,250,5/30/2022,28
4704,906,1/20/2025,25
4705,945,7/28/2023,64
4706,501,9/25/2023,11
4707,157,2/16/2025,69
4708,757,2/4/2023,82
4709,493,7/14/2025,68
4710,850,1/1/2024,14
4711,360,5/25/2023,50
4712,999,4/25/2023,54
4713,808,9/7/2023,40
4714,224,10/9/2025,47
4715,726,5/30/2022,77
4716,287,1/13/2024,84
4717,350,5/4/2025,31
4718,251,11/21/2023,33
4719,683,4/6/2024,21
4720,263,5/24/2023,41
4721,639,7/19/2022,55
4722,583,7/23/2024,72
4723,751,9/6/2025,27
4724,994,1/30/2024,22
4725,9,9/24/2023,4
4726,991,7/8/2022,10
4727,110,10/12/2025,6
4728,527,6/23/2025,21
4729,341,8/10/2025,70
4730,640,6/9/2023,78
4731,722,7/2/2024,98
4732,860,9/24/2023,55
4733,402,12/9/2022,46
4734,933,10/28/2022,90
4735,323,7/15/2023,15
4736,204,3/19/2024,64
4737,380,6/28/2022,82
4738,529,10/22/2024,51
4739,669,10/31/2023,27
4740,833,7/11/2025,63
4741,225,2/12/2023,100
4742,304,3/17/2022,24
4743,939,4/1/2023,57
4744,440,11/23/2025,6
4745,242,4/16/2023,24
4746,986,10/25/2024,77
4747,449,5/17/2025,50
4748,986,2/20/2023,20
4749,920,7/27/2024,34
4750,907,10/26/2022,13
4751,582,6/14/2023,78
4752,799,3/9/2023,95
4753,961,9/9/2024,11
4754,270,7/3/2025,24
4755,38,1/4/2023,86
4756,321,3/2/2023,88
4757,637,4/14/2025,77
4758,548,11/8/2023,72
4759,81,1/20/2024,87
4760,561,10/28/2024,38
4761,175,7/21/2022,90
4762,506,6/27/2025,89
4763,576,6/18/2023,23
4764,637,8/20/2024,8
4765,413,9/24/2023,53
4766,409,1/5/2025,76
4767,679,6/12/2024,85
4768,750,9/11/2022,15
4769,808,10/2/2022,38
4770,334,7/5/2025,77
4771,425,1/30/2024,7
4772,331,2/7/2023,73
4773,528,7/29/2022,30
4774,128,7/7/2022,3
4775,431,9/5/2025,25
4776,189,11/27/2025,75
4777,533,7/29/2023,88
4778,851,10/22/2022,9
4779,986,9/4/2023,47
4780,447,7/19/2022,21
4781,57,3/14/2024,69
4782,228,7/3/2024,79
4783,105,12/10/2025,97
4784,760,4/11/2023,36
4785,985,10/17/2022,30
4786,554,7/14/2022,31
4787,177,7/6/2023,77
4788,22,5/28/2024,45
4789,977,4/8/2022,3
4790,317,1/13/2025,95
4791,113,11/4/2023,11
4792,178,3/4/2025,93
4793,256,11/9/2023,17
4794,656,8/16/2022,54
4795,892,2/1/2022,32
4796,276,3/24/2024,69
4797,688,2/28/2024,41
4798,65,4/3/2025,37
4799,11,7/5/2025,48
4800,55,8/24/2022,98
4801,924,4/5/2023,25
4802,582,10/31/2022,22
4803,806,6/5/2022,7
4804,22,1/4/2022,74
4805,23,5/1/2022,68
4806,849,2/6/2024,61
4807,103,8/10/2022,3
4808,156,10/12/2022,80
4809,519,6/22/2022,81
4810,607,11/24/2024,95
4811,229,7/17/2024,93
4812,445,11/6/2025,27
4813,675,6/12/2022,72
4814,443,11/1/2022,41
4815,383,10/28/2023,60
4816,72,8/6/2024,34
4817,452,7/10/2022,66
4818,803,11/6/2022,96
4819,627,9/8/2023,66
4820,894,1/27/2022,93
4821,127,8/1/2023,94
4822,12,1/13/2025,12
4823,549,2/9/2024,97
4824,179,9/27/2023,82
4825,594,12/14/2023,43
4826,904,10/15/2025,61
4827,338,1/31/2024,62
4828,550,2/20/2024,79
4829,682,9/21/2025,81
4830,151,8/19/2022,11
4831,898,5/21/2022,1
4832,203,10/20/2023,25
4833,809,4/11/2023,53
4834,660,10/24/2022,85
4835,141,6/24/2022,66
4836,725,7/6/2025,14
4837,197,6/16/2024,72
4838,600,10/6/2024,47
4839,960,6/22/2022,37
4840,954,5/14/2023,78
4841,872,6/26/2024,30
4842,495,2/11/2024,62
4843,560,10/12/2024,19
4844,301,9/5/2024,39
4845,921,8/27/2023,56
4846,478,2/17/2025,63
4847,772,1/15/2023,92
4848,360,4/28/2022,30
4849,741,8/27/2025,90
4850,225,2/2/2022,82
4851,734,2/19/2023,36
4852,46,6/17/2022,15
4853,105,12/5/2022,26
4854,353,8/1/2023,66
4855,483,7/9/2022,79
4856,712,11/13/2023,62
4857,360,9/16/2025,73
4858,19,7/19/2022,11
4859,326,9/15/2025,51
4860,440,8/24/2023,88
4861,544,5/15/2024,39
4862,645,10/8/2023,90
4863,248,4/8/2023,13
4864,611,6/9/2022,98
4865,632,5/16/2024,79
4866,777,9/1/2025,63
4867,523,1/31/2024,62
4868,811,5/25/2024,94
4869,222,7/29/2024,38
4870,712,7/22/2023,17
4871,46,6/26/2022,92
4872,103,1/11/2024,11
4873,865,6/23/2025,66
4874,476,4/5/2023,27
4875,621,6/27/2025,93
4876,604,6/2/2025,98
4877,695,12/24/2022,48
4878,246,4/20/2024,54
4879,179,12/28/2024,46
4880,43,12/25/2023,43
4881,865,10/18/2024,94
4882,224,8/23/2025,29
4883,576,7/5/2024,96
4884,455,5/9/2025,66
4885,163,3/16/2025,97
4886,414,4/2/2025,62
4887,84,5/30/2025,82
4888,177,11/26/2022,49
4889,140,1/27/2022,47
4890,825,8/12/2022,26
4891,568,12/31/2022,22
4892,926,10/5/2024,4
4893,436,1/16/2024,39
4894,202,11/16/2023,99
4895,609,1/14/2022,94
4896,930,9/25/2024,70
4897,533,6/17/2023,37
4898,18,1/16/2025,53
4899,304,6/14/2022,76
4900,925,3/8/2023,1
4901,519,3/21/2022,93
4902,952,2/20/2023,88
4903,510,9/11/2025,98
4904,13,12/19/2023,10
4905,874,10/5/2023,95
4906,764,2/4/2023,62
4907,716,1/22/2023,56
4908,971,9/1/2024,18
4909,197,12/10/2025,50
4910,906,12/26/2024,37
4911,233,12/12/2024,99
4912,971,11/21/2023,34
4913,192,5/25/2022,22
4914,551,11/23/2024,95
4915,790,3/27/2025,19
4916,79,1/16/2024,91
4917,67,5/14/2022,97
4918,850,11/7/2024,31
4919,61,9/7/2025,69
4920,614,11/25/2022,80
4921,939,8/21/2022,54
4922,615,12/15/2024,70
4923,482,4/30/2023,14
4924,418,11/10/2024,52
4925,639,10/24/2024,52
4926,572,1/25/2023,57
4927,502,3/3/2022,95
4928,154,3/23/2024,83
4929,663,8/19/2023,61
4930,740,6/3/2025,41
4931,709,6/8/2023,41
4932,76,12/31/2022,3
4933,703,6/10/2025,56
4934,730,12/11/2024,26
4935,184,6/22/2024,89
4936,849,10/25/2025,78
4937,524,2/17/2025,92
4938,473,6/19/2025,100
4939,723,3/13/2025,41
4940,510,8/10/2023,43
4941,545,4/2/2022,61
4942,313,6/6/2024,44
4943,928,1/22/2025,28
4944,970,12/19/2025,71
4945,131,9/22/2024,46
4946,734,4/10/2024,95
4947,24,4/21/2024,22
4948,369,6/18/2022,45
4949,970,1/11/2022,54
4950,175,3/8/2022,91
4951,377,8/15/2025,58
4952,220,2/28/2025,7
4953,729,1/16/2023,34
4954,464,9/11/2023,89
4955,594,12/8/2023,28
4956,943,12/27/2022,35
4957,522,9/10/2023,16
4958,735,5/23/2023,72
4959,98,10/12/2024,14
4960,216,1/11/2025,37
4961,947,5/24/2022,72
4962,860,11/11/2023,90
4963,657,12/19/2025,23
4964,379,6/22/2025,34
4965,200,3/5/2025,12
4966,852,12/9/2024,44
4967,786,1/7/2022,100
4968,242,11/24/2025,31
4969,590,12/10/2024,26
4970,619,7/22/2025,40
4971,478,8/20/2025,90
4972,927,1/7/2023,55
4973,125,1/21/2022,61
4974,258,8/20/2024,79
4975,96,11/2/2023,72
4976,693,1/31/2022,60
4977,645,1/31/2023,57
4978,988,12/19/2025,54
4979,543,6/15/2023,19
4980,151,1/17/2023,42
4981,451,8/14/2024,85
4982,89,8/29/2024,4
4983,671,5/1/2023,83
4984,675,5/25/2025,57
4985,858,4/27/2024,35
4986,340,8/23/2022,12
4987,311,4/20/2023,77
4988,72,5/23/2025,1
4989,416,5/11/2022,55
4990,476,1/18/2022,17
4991,755,8/17/2024,91
4992,754,10/8/2023,19
4993,141,1/5/2023,81
4994,286,11/21/2023,58
4995,512,9/26/2022,5
4996,336,7/1/2023,73
4997,26,12/8/2022,88
4998,846,5/6/2024,23
4999,732,9/11/2024,97
5000,521,8/29/2025,80
5001,318,4/9/2022,75
5002,843,4/23/2023,34
5003,36,1/22/2023,12
5004,447,4/26/2024,43
5005,801,2/18/2024,81
5006,953,7/5/2025,59
5007,252,9/4/2025,65
5008,651,2/3/2025,79
5009,190,10/18/2022,34
5010,116,3/1/2022,4
5011,354,8/6/2025,89
5012,886,10/9/2025,62
5013,690,1/1/2023,57
5014,490,3/10/2022,58
5015,283,9/21/2024,86
5016,142,5/10/2024,77
5017,271,7/22/2025,68
5018,153,4/20/2024,79
5019,188,1/15/2025,29
5020,688,2/22/2025,72
5021,133,1/15/2022,98
5022,48,8/5/2022,24
5023,543,2/13/2025,58
5024,287,9/20/2022,69
5025,455,10/29/2022,52
5026,140,1/3/2025,97
5027,210,10/26/2022,41
5028,442,8/7/2022,22
5029,691,1/20/2022,14
5030,415,11/17/2023,85
5031,542,7/19/2024,69
5032,522,12/4/2024,58
5033,269,8/16/2025,44
5034,280,8/9/2024,41
5035,426,1/10/2025,94
5036,33,11/4/2022,69
5037,686,5/13/2023,97
5038,615,3/21/2023,81
5039,307,4/6/2022,77
5040,374,11/16/2025,56
5041,329,12/19/2022,25
5042,652,10/18/2023,66
5043,760,6/6/2023,72
5044,109,3/6/2022,53
5045,414,8/12/2025,3
5046,14,11/17/2022,97
5047,453,5/27/2022,83
5048,249,5/16/2023,36
5049,336,7/30/2022,50
5050,457,12/31/2025,13
5051,324,10/4/2022,94
5052,395,3/19/2023,24
5053,765,2/1/2023,38
5054,811,2/8/2022,43
5055,6,1/19/2022,27
5056,378,1/20/2024,64
5057,847,12/7/2022,100
5058,531,5/3/2022,86
5059,206,3/2/2023,54
5060,594,2/5/2023,14
5061,145,9/12/2023,87
5062,22,12/20/2025,26
5063,633,3/25/2023,92
5064,516,10/26/2024,40
5065,757,1/27/2025,52
5066,345,3/16/2022,44
5067,855,1/3/2024,46
5068,422,10/18/2023,17
5069,739,1/12/2024,56
5070,101,9/8/2022,41
5071,98,11/11/2023,85
5072,783,6/29/2022,48
5073,834,10/13/2025,97
5074,943,5/7/2024,30
5075,325,2/20/2022,33
5076,23,1/9/2024,4
5077,980,9/15/2025,74
5078,602,12/21/2024,8
5079,248,2/3/2023,29
5080,764,7/27/2025,92
5081,904,9/29/2022,62
5082,285,12/27/2022,56
5083,770,8/15/2022,81
5084,788,9/10/2025,78
5085,502,11/13/2024,89
5086,633,1/27/2024,67
5087,270,9/2/2024,45
5088,930,1/14/2023,14
5089,984,4/14/2022,37
5090,982,5/20/2025,71
5091,738,11/9/2025,26
5092,43,2/21/2022,68
5093,367,3/17/2022,14
5094,445,3/28/2024,7
5095,960,3/4/2022,37
5096,547,11/20/2024,23
5097,537,10/13/2025,88
5098,147,2/14/2023,38
5099,794,3/7/2023,42
5100,337,6/15/2025,41
5101,92,6/5/2023,32
5102,988,12/18/2022,92
5103,191,5/4/2022,74
5104,17,5/12/2025,16
5105,78,9/14/2025,22
5106,453,4/25/2022,9
5107,103,3/19/2025,26
5108,843,8/22/2022,66
5109,513,7/22/2022,94
5110,324,7/11/2023,49
5111,4,10/1/2023,9
5112,480,6/1/2025,5
5113,152,10/19/2024,42
5114,979,7/31/2022,27
5115,292,5/3/2024,58
5116,475,7/3/2025,12
5117,19,8/25/2024,24
5118,131,12/2/2022,56
5119,208,7/8/2022,29
5120,52,10/24/2023,37
5121,726,11/21/2023,23
5122,946,5/31/2023,6
5123,986,6/9/2022,35
5124,266,6/22/2022,33
5125,789,2/12/2024,90
5126,505,10/11/2025,90
5127,46,5/23/2024,44
5128,91,10/3/2023,29
5129,548,9/22/2025,42
5130,424,10/5/2024,61
5131,9,11/14/2024,39
5132,931,4/20/2024,76
5133,731,1/19/2025,97
5134,503,1/4/2024,41
5135,987,6/27/2024,12
5136,972,6/19/2024,13
5137,974,1/4/2025,88
5138,259,8/5/2025,42
5139,881,3/6/2023,33
5140,505,10/18/2024,62
5141,727,2/16/2022,96
5142,860,2/17/2024,43
5143,164,8/6/2025,32
5144,449,7/31/2024,87
5145,129,1/27/2023,9
5146,280,6/4/2024,85
5147,414,6/7/2023,53
5148,856,9/25/2023,3
5149,863,11/30/2022,23
5150,390,7/1/2024,68
5151,330,10/17/2022,76
5152,531,10/11/2023,20
5153,912,10/4/2025,66
5154,977,1/11/2025,99
5155,227,8/29/2023,69
5156,187,11/16/2025,71
5157,707,1/21/2022,20
5158,302,11/3/2025,64
5159,200,5/30/2023,71
5160,32,4/14/2025,12
5161,404,10/16/2025,32
5162,392,5/29/2024,89
5163,564,6/10/2024,100
5164,201,12/30/2024,18
5165,715,12/17/2022,74
5166,681,9/18/2022,51
5167,463,5/18/2023,60
5168,182,12/1/2023,52
5169,507,12/21/2024,87
5170,675,1/11/2023,45
5171,373,4/5/2024,59
5172,264,1/6/2022,67
5173,507,2/15/2022,56
5174,356,11/13/2025,88
5175,401,5/27/2025,24
5176,349,6/16/2025,95
5177,304,4/26/2023,68
5178,717,1/21/2024,97
5179,461,9/12/2024,38
5180,467,1/7/2023,48
5181,654,12/23/2024,5
5182,362,10/9/2024,93
5183,102,8/19/2023,82
5184,853,9/28/2023,30
5185,56,3/26/2023,6
5186,572,3/19/2025,70
5187,266,12/12/2025,68
5188,214,12/31/2025,53
5189,42,2/1/2025,16
5190,901,5/26/2023,92
5191,430,2/15/2025,44
5192,343,12/24/2022,73
5193,742,8/2/2025,86
5194,39,1/26/2023,55
5195,565,8/12/2023,10
5196,495,5/17/2022,89
5197,554,4/29/2022,67
5198,124,3/14/2024,90
5199,953,1/26/2022,62
5200,239,5/21/2025,91
5201,679,6/17/2022,87
5202,748,12/29/2025,22
5203,344,2/1/2023,18
5204,131,7/8/2023,17
5205,297,8/22/2022,80
5206,807,4/19/2025,25
5207,907,12/5/2024,46
5208,937,4/25/2022,79
5209,227,6/4/2022,43
5210,607,6/8/2024,7
5211,152,6/19/2025,37
5212,711,6/10/2022,10
5213,416,11/20/2022,39
5214,714,3/7/2024,74
5215,686,3/21/2023,52
5216,993,1/15/2022,68
5217,489,12/31/2023,11
5218,342,11/10/2024,76
5219,527,8/25/2023,43
5220,163,1/10/2023,29
5221,112,9/12/2023,66
5222,520,1/15/2024,14
5223,826,8/31/2022,50
5224,534,6/13/2022,43
5225,782,9/23/2022,17
5226,178,12/10/2025,96
5227,450,11/22/2024,37
5228,614,7/3/2022,5
5229,348,3/17/2023,45
5230,15,8/25/2023,97
5231,74,9/22/2022,67
5232,928,5/29/2025,64
5233,606,10/6/2025,91
5234,265,12/24/2022,9
5235,259,1/25/2022,56
5236,40,1/26/2023,33
5237,945,5/1/2024,68
5238,109,3/27/2025,86
5239,760,5/12/2023,8
5240,241,2/4/2023,16
5241,336,12/30/2022,96
5242,274,1/5/2022,50
5243,825,1/21/2022,32
5244,33,9/18/2023,16
5245,353,6/21/2024,36
5246,280,1/19/2022,1
5247,273,10/20/2022,23
5248,193,8/22/2025,19
5249,913,12/17/2025,9
5250,379,7/26/2024,97
5251,419,2/2/2024,80
5252,386,5/1/2024,95
5253,981,6/26/2023,25
5254,340,10/22/2022,29
5255,342,7/4/2023,29
5256,328,10/19/2024,56
5257,327,8/26/2024,19
5258,90,9/16/2024,24
5259,605,6/8/2024,98
5260,26,3/30/2022,36
5261,226,7/4/2024,79
5262,203,7/10/2025,23
5263,292,8/6/2024,93
5264,757,4/26/2024,70
5265,600,11/24/2022,87
5266,991,3/3/2025,52
5267,352,10/22/2023,91
5268,929,1/20/2023,37
5269,45,12/17/2023,48
5270,505,6/28/2022,7
5271,799,9/15/2025,18
5272,532,10/23/2024,78
5273,934,4/23/2023,33
5274,315,3/5/2025,11
5275,34,3/21/2022,30
5276,774,7/18/2023,36
5277,69,8/9/2024,72
5278,765,2/4/2022,10
5279,734,11/1/2024,3
5280,845,4/10/2025,73
5281,479,5/18/2024,15
5282,896,10/29/2022,42
5283,170,12/30/2024,69
5284,435,5/11/2023,52
5285,122,12/11/2024,13
5286,767,7/6/2024,73
5287,715,5/17/2022,5
5288,807,5/27/2022,24
5289,765,1/23/2022,11
5290,309,4/16/2022,52
5291,69,3/14/2023,70
5292,930,2/7/2022,65
5293,493,10/3/2025,14
5294,95,9/1/2025,35
5295,928,9/10/2022,15
5296,995,3/31/2023,35
5297,446,12/20/2024,24
5298,771,8/23/2024,75
5299,37,4/29/2024,76
5300,94,12/16/2025,82
5301,277,7/9/2024,21
5302,657,9/5/2024,2
5303,134,1/4/2024,4
5304,35,2/7/2024,85
5305,669,3/2/2023,91
5306,771,2/1/2024,22
5307,740,9/3/2025,88
5308,800,7/5/2023,53
5309,803,7/14/2022,19
5310,603,5/26/2024,32
5311,520,2/21/2025,27
5312,857,11/1/2025,77
5313,349,3/3/2024,19
5314,98,2/25/2025,19
5315,752,1/1/2023,72
5316,276,9/12/2023,31
5317,979,9/5/2023,26
5318,415,5/1/2023,81
5319,852,11/12/2024,94
5320,43,7/14/2025,56
5321,660,4/23/2023,83
5322,449,7/18/2022,85
5323,463,4/20/2025,59
5324,266,5/26/2025,83
5325,972,9/27/2025,1
5326,393,1/8/2023,4
5327,851,11/16/2024,89
5328,426,11/11/2024,15
5329,49,2/28/2025,73
5330,880,3/23/2025,43
5331,186,10/23/2025,79
5332,271,11/28/2023,67
5333,862,4/21/2022,8
5334,894,10/8/2022,34
5335,917,7/19/2025,71
5336,426,5/19/2025,93
5337,757,1/17/2022,81
5338,328,6/21/2023,90
5339,741,12/25/2022,96
5340,503,4/14/2023,90
5341,52,7/22/2024,59
5342,418,1/16/2024,34
5343,468,12/4/2023,51
5344,258,9/28/2023,80
5345,375,7/26/2024,43
5346,503,9/24/2024,84
5347,50,3/5/2022,71
5348,152,7/20/2022,21
5349,767,5/14/2023,93
5350,352,9/29/2023,85
5351,609,12/26/2025,60
5352,566,7/26/2025,20
5353,552,8/5/2024,23
5354,414,2/22/2022,84
5355,484,5/28/2022,2
5356,824,10/31/2023,49
5357,966,5/7/2024,62
5358,257,8/23/2024,24
5359,670,7/27/2022,87
5360,970,7/20/2025,53
5361,8,12/22/2023,7
5362,785,5/17/2024,33
5363,497,2/27/2022,40
5364,968,4/19/2025,23
5365,579,3/4/2024,95
5366,839,11/22/2022,37
5367,167,4/11/2023,51
5368,143,5/31/2023,54
5369,927,2/9/2022,23
5370,527,10/8/2025,57
5371,559,3/19/2025,36
5372,170,7/18/2025,2
5373,227,6/1/2023,41
5374,819,3/26/2024,59
5375,304,11/1/2023,12
5376,585,11/26/2023,78
5377,317,5/10/2024,67
5378,264,10/22/2023,31
5379,167,2/3/2025,60
5380,930,3/27/2022,31
5381,941,10/9/2022,65
5382,116,7/27/2025,16
5383,354,7/13/2025,62
5384,564,4/10/2025,6
5385,384,6/23/2023,2
5386,722,10/29/2023,26
5387,261,2/6/2022,18
5388,59,2/13/2023,50
5389,337,11/27/2024,17
5390,598,5/17/2023,25
5391,181,12/3/2023,10
5392,816,6/29/2022,89
5393,13,12/27/2023,74
5394,68,11/20/2024,22
5395,509,4/15/2024,13
5396,513,3/24/2024,86
5397,295,8/29/2025,67
5398,259,12/9/2022,89
5399,70,3/14/2023,18
5400,663,6/29/2024,36
5401,380,12/3/2023,12
5402,119,12/1/2025,43
5403,400,3/29/2022,17
5404,938,6/28/2022,1
5405,262,5/15/2023,51
5406,895,11/1/2023,98
5407,259,7/24/2025,65
5408,186,12/23/2023,76
5409,261,10/1/2023,82
5410,324,9/1/2022,98
5411,121,9/27/2023,13
5412,588,2/16/2024,26
5413,334,5/2/2024,62
5414,719,6/4/2024,83
5415,491,9/20/2023,78
5416,443,8/18/2022,73
5417,471,8/12/2022,32
5418,157,8/15/2022,37
5419,713,6/22/2024,8
5420,105,6/5/2025,32
5421,722,7/14/2025,16
5422,1000,3/31/2023,94
5423,764,4/27/2022,10
5424,456,7/9/2024,37
5425,315,2/26/2022,89
5426,873,7/4/2024,96
5427,258,7/14/2023,38
5428,483,5/11/2025,47
5429,771,7/2/2024,53
5430,923,12/16/2024,83
5431,921,8/16/2023,77
5432,88,5/13/2025,53
5433,899,2/7/2024,38
5434,115,7/2/2024,38
5435,585,6/11/2023,65
5436,930,10/19/2023,84
5437,655,5/12/2025,8
5438,948,7/30/2023,77
5439,345,2/1/2022,49
5440,315,7/8/2023,15
5441,327,7/27/2023,10
5442,356,9/4/2023,34
5443,683,4/14/2022,25
5444,453,7/8/2022,11
5445,738,4/19/2023,30
5446,417,9/12/2023,84
5447,308,2/12/2022,72
5448,191,7/23/2023,21
5449,552,4/13/2023,68
5450,899,2/20/2022,46
5451,859,1/1/2023,75
5452,254,2/6/2023,25
5453,478,7/29/2022,7
5454,706,1/3/2025,32
5455,613,4/16/2022,100
5456,68,4/24/2024,56
5457,592,8/30/2024,6
5458,39,3/23/2025,98
5459,117,3/8/2024,83
5460,654,3/3/2024,55
5461,103,1/16/2025,75
5462,340,6/1/2025,19
5463,589,11/5/2022,60
5464,656,3/9/2025,92
5465,446,11/7/2023,44
5466,95,5/24/2022,4
5467,800,6/13/2024,76
5468,950,11/28/2025,74
5469,889,7/25/2022,74
5470,749,1/22/2022,65
5471,403,9/1/2025,14
5472,877,5/21/2024,12
5473,489,11/17/2022,80
5474,137,3/3/2025,86
5475,851,7/30/2023,8
5476,321,4/30/2023,59
5477,939,2/28/2023,51
5478,369,5/24/2024,36
5479,870,7/16/2022,65
5480,538,6/14/2023,92
5481,468,3/22/2023,83
5482,297,3/30/2022,16
5483,836,1/19/2025,47
5484,61,1/13/2022,94
5485,469,11/3/2025,24
5486,369,5/19/2022,86
5487,544,6/8/2023,50
5488,255,5/24/2022,53
5489,665,6/21/2023,26
5490,386,6/11/2024,92
5491,189,5/8/2022,53
5492,197,2/8/2024,58
5493,697,2/1/2025,47
5494,262,10/28/2023,9
5495,308,6/14/2022,79
5496,627,10/7/2024,33
5497,330,9/30/2022,25
5498,389,10/1/2023,79
5499,245,1/31/2023,20
5500,346,2/11/2022,69
5501,693,2/9/2025,48
5502,534,5/26/2024,80
5503,998,8/22/2025,6
5504,772,12/3/2023,78
5505,17,10/3/2023,23
5506,379,5/16/2025,88
5507,290,4/30/2022,36
5508,588,6/13/2023,1
5509,266,3/12/2025,49
5510,967,3/4/2023,6
5511,300,7/17/2025,27
5512,522,2/19/2023,72
5513,123,8/28/2023,57
5514,910,8/4/2025,71
5515,912,12/22/2022,88
5516,794,11/15/2025,47
5517,352,3/6/2022,55
5518,59,1/24/2023,6
5519,711,5/13/2024,29
5520,430,5/18/2024,73
5521,991,8/22/2025,7
5522,699,11/3/2025,36
5523,539,9/17/2024,14
5524,987,8/21/2024,86
5525,801,4/9/2023,57
5526,459,3/23/2025,65
5527,19,7/28/2024,69
5528,93,2/5/2022,23
5529,444,4/30/2025,5
5530,563,6/10/2023,40
5531,31,11/27/2023,19
5532,127,12/12/2023,33
5533,705,4/12/2025,32
5534,752,1/27/2023,79
5535,30,7/27/2023,32
5536,508,2/27/2022,16
5537,81,5/25/2023,96
5538,724,5/10/2022,5
5539,835,5/1/2024,21
5540,870,7/28/2025,35
5541,599,11/10/2023,7
5542,629,8/25/2025,90
5543,927,11/28/2025,36
5544,613,3/20/2022,79
5545,447,1/25/2024,14
5546,755,2/11/2024,53
5547,591,7/17/2023,13
5548,843,4/28/2025,24
5549,525,7/31/2023,41
5550,870,3/22/2022,87
5551,45,3/11/2024,31
5552,37,10/22/2022,76
5553,100,6/3/2023,10
5554,557,1/4/2024,26
5555,709,11/22/2024,61
5556,217,2/11/2023,47
5557,156,7/11/2023,51
5558,861,4/10/2022,68
5559,751,7/16/2023,8
5560,649,4/27/2024,70
5561,489,6/20/2024,87
5562,421,3/5/2023,77
5563,21,3/30/2022,29
5564,189,4/23/2024,36
5565,897,8/15/2024,97
5566,340,5/5/2022,79
5567,705,1/8/2024,94
5568,704,5/19/2022,92
5569,310,10/24/2023,44
5570,205,7/25/2024,13
5571,692,11/16/2024,23
5572,94,11/8/2024,30
5573,495,1/12/2025,84
5574,889,12/19/2022,28
5575,712,5/21/2025,37
5576,765,5/26/2023,86
5577,84,7/2/2023,17
5578,200,2/24/2025,67
5579,276,4/23/2023,56
5580,293,4/20/2022,99
5581,195,11/9/2024,49
5582,973,8/25/2024,53
5583,165,4/30/2024,86
5584,709,7/29/2022,100
5585,587,7/12/2024,73
5586,611,10/17/2022,70
5587,215,3/22/2024,88
5588,308,1/13/2024,98
5589,607,2/2/2025,74
5590,300,11/27/2025,30
5591,695,10/5/2022,65
5592,40,6/17/2022,24
5593,73,3/22/2024,51
5594,729,10/22/2025,45
5595,617,8/19/2022,99
5596,44,12/14/2023,56
5597,900,8/18/2023,96
5598,5,4/10/2023,81
5599,956,8/28/2024,85
5600,730,3/8/2023,17
5601,989,12/22/2023,78
5602,949,5/20/2025,26
5603,314,7/9/2023,58
5604,757,1/31/2022,49
5605,211,7/16/2025,26
5606,472,2/6/2023,99
5607,241,2/3/2025,88
5608,487,1/19/2025,58
5609,873,2/8/2024,2
5610,437,5/9/2022,19
5611,93,10/20/2025,23
5612,325,9/21/2024,98
5613,787,9/12/2023,41
5614,522,6/1/2025,5
5615,561,2/25/2025,59
5616,432,1/15/2025,96
5617,293,9/3/2022,57
5618,599,7/13/2024,45
5619,634,2/22/2023,18
5620,899,4/25/2022,88
5621,618,5/9/2023,11
5622,996,6/1/2022,94
5623,827,6/4/2022,23
5624,79,11/28/2024,14
5625,393,1/4/2024,35
5626,385,8/5/2023,1
5627,4,10/8/2022,2
5628,181,1/31/2025,19
5629,763,7/15/2024,70
5630,353,5/5/2024,82
5631,148,10/5/2022,25
5632,288,6/30/2022,65
5633,275,6/30/2022,36
5634,175,2/6/2022,44
5635,102,11/16/2025,34
5636,765,6/22/2023,90
5637,825,8/19/2024,52
5638,497,12/6/2025,51
5639,616,9/30/2025,86
5640,920,4/14/2023,66
5641,843,12/17/2023,15
5642,33,11/8/2023,19
5643,953,2/18/2022,35
5644,67,1/27/2025,10
5645,27,4/19/2024,70
5646,404,6/27/2023,50
5647,746,3/26/2024,5
5648,81,12/10/2024,41
5649,293,1/22/2022,83
5650,263,8/1/2024,91
5651,398,6/12/2025,97
5652,987,11/27/2024,93
5653,332,6/24/2024,61
5654,209,5/13/2022,93
5655,123,12/23/2024,96
5656,199,1/1/2025,64
5657,134,12/23/2023,42
5658,574,5/1/2024,97
5659,421,6/22/2024,42
5660,498,6/26/2022,17
5661,833,1/12/2023,11
5662,581,3/3/2025,57
5663,156,11/23/2025,4
5664,377,1/30/2023,12
5665,313,8/9/2023,25
5666,827,8/30/2025,53
5667,308,8/26/2022,48
5668,139,1/17/2023,52
5669,737,3/23/2022,51
5670,429,12/9/2022,100
5671,96,7/18/2024,22
5672,690,5/24/2023,48
5673,211,12/7/2025,62
5674,869,7/26/2025,28
5675,833,8/1/2025,19
5676,370,11/27/2024,5
5677,556,10/22/2024,33
5678,568,1/15/2024,26
5679,654,12/18/2025,20
5680,70,5/20/2022,28
5681,325,11/22/2024,70
5682,171,7/24/2022,83
5683,698,5/11/2023,52
5684,70,1/9/2023,7
5685,517,5/28/2024,74
5686,728,2/24/2025,16
5687,949,4/27/2022,6
5688,289,5/29/2024,57
5689,8,11/20/2022,43
5690,724,4/23/2022,32
5691,2,9/3/2023,97
5692,67,4/29/2024,10
5693,991,10/22/2022,6
5694,863,7/24/2023,59
5695,708,10/25/2025,42
5696,836,5/22/2023,81
5697,76,12/25/2025,5
5698,89,5/3/2025,42
5699,301,6/26/2023,15
5700,24,4/22/2024,5
5701,889,11/2/2024,47
5702,57,11/10/2023,74
5703,545,8/19/2023,16
5704,854,4/27/2023,85
5705,735,7/23/2022,52
5706,235,2/6/2022,49
5707,471,5/8/2023,93
5708,549,3/8/2025,33
5709,768,12/7/2022,21
5710,427,9/20/2022,79
5711,286,4/25/2023,11
5712,796,5/24/2024,88
5713,887,11/11/2022,83
5714,489,11/18/2022,98
5715,29,6/14/2022,47
5716,501,5/1/2023,63
5717,890,11/14/2022,89
5718,990,4/29/2025,14
5719,402,8/16/2025,31
5720,151,6/26/2023,48
5721,573,5/5/2022,63
5722,831,5/8/2022,68
5723,946,4/20/2023,93
5724,52,11/9/2023,49
5725,291,2/12/2024,18
5726,478,3/21/2023,19
5727,99,6/2/2023,81
5728,887,2/19/2023,47
5729,113,1/27/2024,64
5730,666,10/15/2024,57
5731,919,3/5/2022,82
5732,686,12/1/2023,22
5733,764,8/5/2024,18
5734,264,9/9/2024,74
5735,828,4/3/2024,44
5736,419,2/7/2024,82
5737,62,9/21/2024,13
5738,367,7/7/2023,28
5739,350,4/8/2024,97
5740,522,4/12/2023,85
5741,265,10/2/2023,7
5742,463,7/1/2022,82
5743,428,5/27/2023,7
5744,327,7/27/2022,13
5745,697,11/27/2022,90
5746,306,9/5/2023,13
5747,766,1/1/2024,31
5748,251,10/8/2025,14
5749,865,2/8/2022,60
5750,366,8/5/2025,6
5751,41,4/25/2023,29
5752,150,11/24/2024,33
5753,807,9/17/2024,65
5754,873,11/19/2025,50
5755,212,6/8/2022,20
5756,603,11/14/2025,47
5757,575,4/2/2022,46
5758,134,7/5/2025,36
5759,452,8/10/2024,54
5760,694,12/6/2023,33
5761,968,8/5/2023,34
5762,848,5/17/2022,79
5763,98,3/17/2025,26
5764,238,11/29/2024,33
5765,437,10/1/2025,15
5766,151,12/3/2024,70
5767,571,10/30/2025,71
5768,9,7/19/2025,68
5769,114,9/14/2023,17
5770,48,10/25/2024,46
5771,296,1/22/2023,30
5772,763,3/7/2025,77
5773,178,6/8/2024,34
5774,988,10/6/2023,42
5775,270,7/6/2024,46
5776,45,2/9/2023,77
5777,336,6/28/2024,71
5778,749,11/25/2023,82
5779,107,4/16/2023,43
5780,72,11/26/2025,82
5781,850,4/4/2022,88
5782,593,1/11/2025,53
5783,344,11/3/2022,68
5784,757,11/22/2022,91
5785,845,8/14/2022,84
5786,360,5/30/2022,28
5787,562,7/1/2022,72
5788,11,5/1/2025,45
5789,307,9/15/2025,15
5790,596,5/4/2024,38
5791,198,1/21/2022,98
5792,992,6/17/2025,96
5793,972,5/29/2024,79
5794,258,1/31/2024,100
5795,397,10/16/2025,58
5796,190,8/22/2023,76
5797,504,6/11/2023,17
5798,124,2/13/2025,30
5799,391,2/10/2024,18
5800,556,11/13/2024,94
5801,612,10/13/2024,62
5802,597,5/11/2025,94
5803,222,4/9/2023,42
5804,793,4/16/2022,41
5805,692,11/29/2023,68
5806,754,8/4/2024,57
5807,468,4/8/2025,38
5808,893,1/26/2023,32
5809,390,12/24/2024,52
5810,806,4/30/2025,8
5811,204,3/27/2025,19
5812,248,3/26/2025,5
5813,527,12/13/2025,16
5814,556,8/23/2024,20
5815,747,6/26/2023,8
5816,298,9/30/2023,6
5817,873,12/27/2024,82
5818,330,12/12/2022,19
5819,535,5/30/2024,56
5820,932,4/16/2024,10
5821,540,8/31/2024,95
5822,682,9/8/2023,24
5823,909,12/16/2024,75
5824,975,4/15/2022,65
5825,500,12/31/2024,77
5826,417,4/1/2025,63
5827,197,7/18/2025,51
5828,538,9/10/2025,78
5829,919,5/26/2023,82
5830,488,3/9/2022,38
5831,349,8/12/2024,95
5832,108,5/12/2022,99
5833,390,2/14/2023,73
5834,237,10/23/2024,93
5835,977,5/18/2024,11
5836,528,6/5/2024,55
5837,137,1/2/2025,66
5838,68,8/29/2022,93
5839,851,3/1/2025,13
5840,932,5/6/2024,81
5841,764,9/6/2023,8
5842,124,11/9/2023,36
5843,99,1/14/2024,70
5844,198,3/15/2024,30
5845,752,5/3/2023,84
5846,766,11/22/2022,94
5847,838,9/4/2022,16
5848,97,5/13/2023,26
5849,154,1/16/2023,8
5850,901,1/25/2024,72
5851,929,8/25/2025,89
5852,726,6/7/2022,61
5853,107,3/28/2023,14
5854,69,3/13/2022,18
5855,56,11/25/2025,4
5856,692,10/20/2024,49
5857,846,12/19/2022,73
5858,632,8/29/2023,16
5859,263,11/22/2024,85
5860,758,10/31/2025,26
5861,60,4/18/2024,52
5862,829,10/15/2024,67
5863,892,9/28/2024,54
5864,719,7/29/2024,48
5865,880,3/9/2022,34
5866,587,10/29/2024,44
5867,469,1/29/2022,24
5868,323,8/16/2025,30
5869,922,7/12/2025,76
5870,698,4/3/2024,89
5871,191,8/1/2024,85
5872,957,4/10/2022,34
5873,60,7/1/2025,33
5874,588,1/31/2023,6
5875,191,1/18/2023,28
5876,665,10/31/2024,59
5877,413,10/3/2025,27
5878,438,12/23/2023,74
5879,672,1/12/2024,6
5880,757,3/12/2024,42
5881,381,3/2/2023,29
5882,998,5/21/2024,50
5883,499,11/4/2025,3
5884,161,7/14/2023,42
5885,7,2/3/2025,79
5886,203,2/4/2025,86
5887,692,5/28/2025,26
5888,540,11/23/2024,43
5889,338,9/8/2025,70
5890,482,11/9/2024,47
5891,839,11/27/2025,55
5892,572,11/11/2024,35
5893,59,5/7/2025,84
5894,50,7/24/2025,64
5895,483,12/7/2025,97
5896,405,5/19/2024,78
5897,851,11/3/2024,37
5898,583,11/13/2025,33
5899,757,7/10/2023,9
5900,586,6/24/2022,63
5901,346,7/15/2025,75
5902,658,7/12/2024,36
5903,622,9/19/2023,3
5904,721,11/13/2024,83
5905,190,2/17/2022,23
5906,642,11/29/2023,59
5907,286,1/23/2023,6
5908,791,2/26/2023,7
5909,799,11/17/2025,90
5910,625,3/14/2024,68
5911,947,7/25/2022,1
5912,538,6/17/2023,11
5913,26,12/21/2022,50
5914,607,8/21/2025,69
5915,778,3/2/2023,43
5916,102,6/6/2023,88
5917,105,5/4/2023,66
5918,274,9/14/2022,62
5919,845,2/13/2025,29
5920,528,4/22/2024,69
5921,977,10/1/2023,88
5922,873,8/2/2023,5
5923,555,9/1/2024,74
5924,680,5/21/2022,88
5925,332,9/23/2025,44
5926,91,4/5/2024,77
5927,399,11/29/2022,36
5928,593,2/25/2024,20
5929,183,5/29/2025,82
5930,222,9/11/2022,32
5931,15,2/5/2024,76
5932,735,5/23/2024,32
5933,900,3/29/2025,40
5934,828,4/8/2024,69
5935,380,12/11/2024,35
5936,594,2/4/2025,81
5937,961,7/25/2025,4
5938,592,6/13/2023,2
5939,296,10/25/2024,9
5940,339,12/30/2022,26
5941,728,5/18/2025,6
5942,447,10/21/2025,39
5943,838,3/6/2023,3
5944,865,3/30/2024,76
5945,36,4/16/2025,16
5946,724,2/9/2022,98
5947,370,10/27/2024,86
5948,520,4/14/2025,70
5949,265,6/26/2025,80
5950,369,10/15/2022,78
5951,331,1/11/2025,85
5952,51,2/22/2025,56
5953,783,1/5/2022,63
5954,144,10/27/2024,47
5955,376,7/3/2024,63
5956,194,11/16/2025,39
5957,161,3/4/2022,13
5958,374,11/11/2025,94
5959,919,4/14/2024,70
5960,945,2/5/2023,71
5961,382,7/21/2023,29
5962,506,1/24/2025,78
5963,986,12/26/2025,52
5964,235,4/8/2023,8
5965,945,12/8/2025,96
5966,106,7/8/2024,100
5967,226,10/8/2022,88
5968,339,5/23/2024,48
5969,38,3/17/2025,24
5970,816,3/21/2022,2
5971,856,4/26/2022,74
5972,384,1/8/2022,90
5973,837,4/13/2024,11
5974,773,3/26/2022,69
5975,802,9/23/2025,3
5976,803,7/6/2022,78
5977,574,4/15/2022,3
5978,111,1/12/2023,98
5979,924,1/20/2025,18
5980,609,8/18/2025,41
5981,902,1/2/2023,70
5982,960,1/28/2024,85
5983,188,2/4/2025,37
5984,403,3/10/2025,99
5985,193,8/12/2022,2
5986,51,5/9/2025,48
5987,967,6/21/2025,99
5988,924,12/9/2024,28
5989,932,2/10/2024,54
5990,884,7/26/2023,45
5991,649,7/23/2025,40
5992,523,6/16/2025,77
5993,992,1/28/2024,52
5994,553,12/20/2024,72
5995,643,8/8/2023,52
5996,212,12/21/2024,100
5997,747,5/11/2022,48
5998,820,8/10/2025,80
5999,679,1/24/2024,62
6000,499,5/24/2024,81
6001,198,10/4/2022,89
6002,34,2/12/2024,23
6003,628,1/5/2022,31
6004,684,7/24/2025,31
6005,773,12/30/2024,49
6006,951,10/26/2023,50
6007,498,5/6/2025,1
6008,830,3/31/2025,90
6009,717,6/23/2022,86
6010,278,3/20/2022,61
6011,846,1/6/2023,31
6012,54,1/2/2022,83
6013,599,4/17/2024,28
6014,941,2/11/2024,31
6015,659,2/25/2024,100
6016,938,4/18/2022,93
6017,57,9/3/2025,59
6018,533,11/27/2025,17
6019,781,5/12/2024,13
6020,643,1/9/2022,97
6021,881,8/2/2023,27
6022,463,11/15/2024,69
6023,683,12/29/2024,36
6024,420,12/22/2022,50
6025,873,4/16/2025,99
6026,120,11/14/2025,60
6027,255,1/14/2024,44
6028,97,7/12/2023,42
6029,703,2/8/2024,24
6030,233,2/9/2022,56
6031,318,2/4/2024,57
6032,837,2/9/2022,10
6033,361,2/20/2022,41
6034,146,3/19/2024,65
6035,21,1/17/2024,6
6036,227,12/12/2025,98
6037,915,1/12/2024,87
6038,549,12/2/2025,64
6039,995,3/25/2025,2
6040,216,5/8/2023,52
6041,352,9/15/2025,90
6042,164,12/7/2023,3
6043,399,5/19/2024,80
6044,564,5/27/2022,84
6045,809,11/7/2022,8
6046,369,2/2/2024,24
6047,772,2/1/2023,73
6048,627,5/26/2024,92
6049,292,4/27/2022,78
6050,913,1/2/2023,53
6051,435,8/29/2024,61
6052,151,6/13/2024,53
6053,963,12/8/2025,58
6054,914,8/7/2025,78
6055,50,3/30/2025,5
6056,903,1/2/2022,21
6057,948,5/30/2024,6
6058,830,12/1/2022,80
6059,255,1/25/2023,73
6060,632,11/3/2022,6
6061,539,10/29/2023,11
6062,621,6/30/2022,27
6063,617,2/16/2024,25
6064,640,8/31/2022,52
6065,515,1/2/2024,50
6066,691,7/3/2024,36
6067,527,9/20/2022,17
6068,17,5/31/2022,65
6069,36,3/23/2025,79
6070,959,12/14/2024,65
6071,910,1/17/2023,81
6072,586,7/19/2025,92
6073,175,11/20/2022,85
6074,782,9/15/2025,66
6075,144,6/15/2022,5
6076,378,8/22/2024,34
6077,330,1/29/2022,43
6078,13,10/16/2022,72
6079,808,8/15/2023,85
6080,510,5/5/2022,65
6081,317,10/30/2023,37
6082,508,12/5/2022,79
6083,1,5/25/2022,70
6084,437,11/6/2025,80
6085,520,12/5/2025,59
6086,340,11/6/2025,65
6087,831,8/14/2022,35
6088,250,7/12/2023,40
6089,138,4/24/2023,28
6090,528,4/21/2023,26
6091,888,9/1/2023,66
6092,376,1/16/2024,39
6093,47,12/10/2023,14
6094,970,3/3/2023,4
6095,445,12/2/2025,87
6096,173,12/2/2025,44
6097,616,4/29/2023,58
6098,320,11/20/2022,91
6099,938,2/18/2024,12
6100,294,6/24/2023,94
6101,551,12/13/2025,71
6102,544,9/20/2023,65
6103,243,2/28/2022,44
6104,500,7/2/2022,71
6105,110,4/19/2022,21
6106,644,7/14/2023,31
6107,759,4/8/2023,97
6108,951,6/5/2025,28
6109,326,7/25/2025,72
6110,286,7/25/2022,94
6111,549,10/12/2025,60
6112,693,5/3/2024,30
6113,993,3/25/2023,85
6114,26,8/18/2023,83
6115,239,10/7/2023,55
6116,263,9/7/2022,12
6117,256,6/21/2025,45
6118,464,1/19/2022,44
6119,873,4/12/2022,19
6120,31,2/4/2023,41
6121,816,7/29/2022,16
6122,618,4/1/2022,70
6123,616,7/15/2023,44
6124,679,7/5/2023,74
6125,116,7/3/2022,46
6126,747,3/29/2025,72
6127,249,7/13/2025,74
6128,517,11/17/2024,17
6129,677,2/2/2024,45
6130,604,10/16/2025,75
6131,324,5/28/2023,60
6132,397,9/16/2023,23
6133,477,1/23/2022,84
6134,42,10/31/2024,20
6135,727,5/16/2022,100
6136,100,8/30/2024,71
6137,459,2/17/2025,33
6138,655,11/14/2022,20
6139,81,6/13/2024,91
6140,996,3/20/2023,53
6141,378,8/5/2023,81
6142,16,2/14/2024,84
6143,659,12/31/2022,7
6144,558,3/9/2025,69
6145,641,7/31/2023,34
6146,752,11/6/2023,91
6147,476,4/5/2025,22
6148,827,11/29/2022,4
6149,371,10/23/2023,67
6150,546,12/22/2025,56
6151,159,8/7/2023,56
6152,620,6/18/2022,27
6153,262,2/20/2023,50
6154,697,10/28/2025,97
6155,802,1/14/2025,77
6156,859,3/28/2025,99
6157,930,1/6/2023,34
6158,123,5/10/2025,88
6159,138,7/29/2023,39
6160,927,3/7/2025,94
6161,381,7/10/2025,87
6162,27,11/1/2022,17
6163,287,10/3/2025,98
6164,837,7/13/2024,61
6165,355,12/3/2024,78
6166,77,1/10/2025,58
6167,723,9/4/2022,22
6168,195,12/25/2024,99
6169,353,11/8/2022,12
6170,4,2/1/2023,81
6171,602,6/20/2022,21
6172,446,9/22/2022,79
6173,868,12/1/2025,43
6174,335,4/25/2023,24
6175,205,7/20/2023,24
6176,166,12/3/2023,32
6177,201,11/7/2024,91
6178,452,4/18/2024,77
6179,88,2/23/2024,68
6180,403,5/7/2025,63
6181,855,12/26/2023,42
6182,768,1/28/2025,91
6183,638,8/23/2025,28
6184,894,9/14/2024,95
6185,781,2/21/2022,39
6186,653,1/20/2023,35
6187,864,6/21/2024,48
6188,125,12/1/2023,75
6189,819,2/21/2023,72
6190,296,5/6/2023,77
6191,734,4/25/2022,9
6192,914,12/10/2022,17
6193,497,2/17/2025,85
6194,89,1/15/2022,99
6195,371,5/7/2025,13
6196,407,5/11/2023,91
6197,937,3/26/2025,27
6198,943,1/10/2023,98
6199,569,4/25/2025,100
6200,951,4/15/2024,64
6201,437,5/28/2025,20
6202,412,4/2/2022,79
6203,837,3/11/2025,11
6204,668,1/31/2023,34
6205,523,6/9/2023,64
6206,457,3/7/2022,7
6207,706,10/25/2025,40
6208,754,7/26/2024,80
6209,491,12/4/2025,10
6210,32,4/10/2024,37
6211,102,8/20/2022,1
6212,145,5/9/2023,66
6213,463,10/5/2023,8
6214,615,8/4/2022,29
6215,804,9/22/2025,53
6216,233,10/31/2025,22
6217,787,4/3/2024,24
6218,667,5/3/2024,84
6219,52,10/24/2024,78
6220,352,9/19/2024,9
6221,303,4/2/2022,86
6222,887,2/16/2024,47
6223,922,2/9/2025,15
6224,820,3/24/2025,91
6225,529,5/20/2024,34
6226,493,8/2/2025,33
6227,312,5/6/2024,15
6228,773,7/14/2023,89
6229,87,10/9/2023,29
6230,272,10/5/2024,60
6231,136,7/19/2025,24
6232,495,12/2/2022,90
6233,300,3/5/2023,79
6234,198,8/10/2024,51
6235,377,1/20/2025,35
6236,861,8/7/2023,66
6237,559,7/28/2024,50
6238,824,1/10/2022,95
6239,914,3/3/2023,68
6240,903,10/28/2025,3
6241,352,4/22/2024,83
6242,878,6/22/2025,20
6243,910,11/14/2022,31
6244,960,3/1/2023,44
6245,352,11/25/2025,21
6246,229,12/28/2025,95
6247,585,7/5/2025,98
6248,932,4/9/2023,16
6249,901,3/16/2025,33
6250,572,11/2/2023,38
6251,150,5/17/2025,68
6252,423,5/28/2025,60
6253,715,9/28/2023,68
6254,561,3/22/2023,4
6255,346,11/25/2025,52
6256,343,10/21/2023,22
6257,60,9/23/2023,23
6258,289,8/30/2024,78
6259,670,9/30/2025,15
6260,242,7/10/2022,4
6261,994,12/9/2025,49
6262,83,9/10/2023,74
6263,589,2/7/2022,52
6264,497,3/29/2023,17
6265,834,11/7/2023,78
6266,888,9/15/2024,39
6267,544,4/7/2024,71
6268,631,7/18/2022,21
6269,699,12/15/2023,92
6270,521,12/7/2022,29
6271,185,1/29/2023,98
6272,429,11/5/2024,38
6273,242,3/19/2025,73
6274,465,8/17/2022,51
6275,616,5/30/2024,8
6276,210,9/9/2023,10
6277,250,5/7/2023,41
6278,823,11/7/2024,20
6279,378,12/30/2022,61
6280,199,1/23/2025,14
6281,714,8/9/2023,60
6282,717,5/19/2022,21
6283,827,3/3/2025,19
6284,760,5/29/2025,37
6285,992,4/2/2024,59
6286,575,11/23/2024,40
6287,287,8/4/2022,35
6288,863,5/11/2023,35
6289,265,5/27/2023,34
6290,292,1/20/2025,41
6291,829,5/30/2023,84
6292,882,11/30/2024,58
6293,340,3/25/2023,43
6294,730,5/27/2024,75
6295,923,11/3/2022,53
6296,799,3/26/2024,95
6297,5,4/29/2022,57
6298,665,12/9/2024,22
6299,170,2/12/2022,57
6300,847,12/30/2025,78
6301,68,5/10/2025,22
6302,994,4/25/2024,21
6303,178,8/21/2025,60
6304,421,3/27/2025,89
6305,235,7/28/2022,34
6306,814,12/23/2024,51
6307,394,7/6/2023,66
6308,745,6/4/2025,67
6309,68,6/16/2025,15
6310,453,10/26/2025,40
6311,912,10/21/2023,100
6312,927,10/10/2022,89
6313,209,7/2/2022,78
6314,395,8/30/2022,3
6315,410,12/20/2025,42
6316,566,5/6/2024,6
6317,538,5/29/2023,31
6318,106,10/19/2023,87
6319,763,9/10/2022,39
6320,226,4/13/2024,17
6321,315,9/14/2023,73
6322,841,3/11/2025,76
6323,690,1/31/2022,66
6324,397,9/23/2025,81
6325,913,3/30/2022,71
6326,395,9/2/2023,64
6327,566,5/13/2023,89
6328,246,11/14/2024,33
6329,184,8/19/2024,46
6330,492,10/15/2022,57
6331,564,12/18/2023,67
6332,806,2/20/2024,48
6333,391,11/9/2023,45
6334,896,2/1/2022,17
6335,608,9/18/2022,64
6336,71,1/6/2024,13
6337,740,1/16/2023,48
6338,575,3/7/2024,41
6339,390,8/28/2022,78
6340,468,12/10/2024,48
6341,302,10/3/2022,1
6342,615,8/6/2024,51
6343,567,5/7/2025,22
6344,448,6/8/2023,39
6345,286,7/23/2022,30
6346,399,1/9/2022,17
6347,498,6/11/2023,95
6348,472,6/18/2022,26
6349,310,7/12/2025,51
6350,582,11/22/2025,83
6351,227,12/3/2025,37
6352,501,9/9/2025,94
6353,122,5/7/2024,41
6354,473,4/20/2023,95
6355,784,10/15/2023,46
6356,818,1/14/2023,2
6357,695,5/12/2025,87
6358,746,9/30/2023,87
6359,66,7/17/2023,97
6360,342,10/5/2024,13
6361,655,7/1/2023,85
6362,801,6/6/2023,35
6363,583,11/29/2022,85
6364,854,4/9/2022,97
6365,274,2/25/2022,20
6366,154,8/12/2023,38
6367,87,12/25/2025,27
6368,583,1/16/2023,31
6369,666,7/25/2024,60
6370,286,4/20/2023,42
6371,784,3/19/2023,66
6372,740,8/27/2022,68
6373,361,4/3/2024,21
6374,239,8/20/2024,5
6375,743,5/27/2023,75
6376,672,2/9/2024,19
6377,171,11/27/2023,20
6378,256,1/31/2023,61
6379,486,10/7/2024,27
6380,512,3/20/2024,19
6381,166,4/7/2022,31
6382,949,12/21/2023,53
6383,389,7/23/2023,85
6384,382,3/8/2025,99
6385,61,3/24/2023,74
6386,876,10/28/2025,90
6387,236,6/17/2024,54
6388,987,7/10/2022,41
6389,497,8/13/2023,82
6390,875,7/15/2025,31
6391,180,1/7/2023,82
6392,166,10/26/2024,100
6393,802,2/18/2025,39
6394,820,10/8/2024,64
6395,544,5/13/2022,79
6396,33,7/1/2023,79
6397,944,5/24/2023,21
6398,394,5/18/2023,97
6399,936,7/8/2025,51
6400,871,1/9/2022,5
6401,852,2/27/2024,12
6402,689,12/6/2025,73
6403,674,7/3/2025,43
6404,533,6/5/2024,11
6405,25,12/28/2025,53
6406,388,8/11/2023,60
6407,731,6/12/2024,8
6408,813,3/5/2024,36
6409,560,3/11/2022,47
6410,710,3/1/2022,79
6411,22,8/3/2025,66
6412,469,9/11/2022,9
6413,508,6/3/2023,62
6414,893,6/29/2024,91
6415,312,4/20/2024,6
6416,230,1/22/2024,99
6417,353,12/1/2025,10
6418,171,2/23/2025,63
6419,559,10/7/2025,36
6420,643,8/20/2024,74
6421,802,12/1/2025,85
6422,972,5/28/2024,86
6423,74,3/2/2024,87
6424,248,4/6/2025,82
6425,301,6/23/2025,31
6426,250,4/10/2022,47
6427,828,8/23/2025,72
6428,140,10/6/2024,17
6429,30,8/4/2025,58
6430,861,11/11/2024,54
6431,962,9/16/2025,99
6432,227,2/7/2023,5
6433,333,10/2/2022,10
6434,504,10/13/2022,4
6435,526,1/4/2023,55
6436,991,11/9/2022,56
6437,405,10/8/2023,60
6438,13,10/17/2022,25
6439,423,8/20/2022,31
6440,557,2/5/2024,42
6441,517,3/5/2025,5
6442,513,7/18/2022,76
6443,923,1/18/2024,6
6444,808,8/21/2024,67
6445,252,10/27/2024,46
6446,356,6/3/2022,100
6447,668,12/8/2024,70
6448,411,2/9/2022,48
6449,429,12/13/2022,71
6450,168,4/12/2023,12
6451,255,5/31/2025,19
6452,741,10/8/2022,50
6453,843,2/17/2025,86
6454,785,12/15/2025,83
6455,308,11/3/2025,38
6456,137,3/19/2023,29
6457,160,5/20/2022,97
6458,394,11/21/2022,57
6459,518,1/28/2025,12
6460,893,10/15/2022,23
6461,899,8/1/2024,84
6462,3,7/1/2023,90
6463,708,1/25/2025,91
6464,299,6/4/2024,1
6465,198,5/5/2024,83
6466,556,2/16/2025,12
6467,34,10/27/2025,81
6468,335,6/17/2023,89
6469,553,2/12/2024,37
6470,273,7/3/2024,20
6471,594,4/17/2025,72
6472,461,12/6/2023,7
6473,800,7/2/2023,58
6474,182,5/21/2025,34
6475,58,10/24/2025,43
6476,530,4/11/2024,83
6477,257,6/1/2022,100
6478,707,2/28/2023,41
6479,94,11/8/2023,30
6480,576,10/24/2024,84
6481,990,9/5/2024,42
6482,94,4/13/2025,20
6483,302,2/13/2022,91
6484,845,11/12/2023,100
6485,534,10/21/2024,29
6486,175,12/13/2025,16
6487,214,7/27/2022,16
6488,765,7/8/2025,60
6489,861,1/12/2022,31
6490,361,10/15/2022,63
6491,474,5/22/2025,76
6492,783,2/23/2025,1
6493,177,11/22/2025,86
6494,207,5/27/2024,3
6495,775,6/18/2024,12
6496,187,2/21/2024,73
6497,771,1/18/2024,63
6498,498,1/21/2024,98
6499,991,3/4/2023,57
6500,33,5/31/2025,42
6501,946,6/6/2023,67
6502,226,6/11/2024,77
6503,36,9/4/2024,68
6504,725,2/25/2024,38
6505,533,6/12/2024,96
6506,838,3/13/2022,31
6507,109,4/7/2023,35
6508,81,10/17/2023,28
6509,568,7/30/2023,30
6510,883,8/19/2025,22
6511,406,8/3/2025,59
6512,798,11/5/2024,73
6513,907,5/30/2023,43
6514,870,3/16/2022,93
6515,509,1/8/2025,48
6516,699,7/15/2025,47
6517,526,12/17/2023,7
6518,675,4/22/2025,91
6519,568,9/21/2025,15
6520,526,3/9/2024,17
6521,437,11/3/2022,94
6522,653,2/2/2022,52
6523,752,1/10/2025,7
6524,920,4/1/2024,45
6525,614,8/13/2022,60
6526,101,3/21/2022,2
6527,588,11/17/2025,76
6528,316,4/14/2023,67
6529,27,4/23/2023,2
6530,73,7/7/2024,62
6531,592,6/17/2023,23
6532,945,8/26/2025,74
6533,506,9/21/2024,38
6534,446,6/7/2023,21
6535,89,1/25/2023,51
6536,676,6/10/2025,45
6537,56,5/14/2024,35
6538,842,9/3/2025,88
6539,817,5/20/2023,65
6540,992,1/31/2022,49
6541,285,8/6/2025,23
6542,162,12/16/2022,57
6543,300,5/20/2025,3
6544,800,11/3/2024,89
6545,219,12/5/2022,1
6546,888,1/10/2025,70
6547,155,4/30/2022,35
6548,49,7/28/2023,72
6549,220,6/5/2023,37
6550,755,8/17/2024,3
6551,603,2/20/2024,95
6552,355,6/13/2024,77
6553,657,11/27/2023,5
6554,649,12/16/2024,4
6555,555,8/22/2022,54
6556,515,11/15/2024,96
6557,102,3/15/2022,58
6558,260,5/6/2022,2
6559,528,11/23/2024,70
6560,136,8/20/2022,43
6561,476,1/30/2025,64
6562,117,7/13/2022,36
6563,788,8/3/2022,1
6564,104,9/24/2025,2
6565,93,9/17/2022,64
6566,638,8/27/2025,64
6567,221,5/24/2023,33
6568,352,3/11/2025,9
6569,315,10/4/2025,78
6570,217,6/20/2022,16
6571,762,4/28/2023,19
6572,692,4/19/2024,46
6573,239,6/18/2025,72
6574,687,10/1/2022,100
6575,714,9/30/2022,63
6576,540,6/23/2023,97
6577,579,10/26/2022,66
6578,935,1/26/2023,85
6579,454,7/9/2022,18
6580,386,4/26/2025,6
6581,540,3/9/2025,67
6582,836,7/31/2022,98
6583,710,2/24/2024,74
6584,76,8/2/2024,35
6585,460,7/5/2024,49
6586,740,12/8/2025,12
6587,224,7/25/2024,35
6588,989,9/30/2024,69
6589,809,2/18/2022,17
6590,847,4/26/2022,49
6591,82,6/23/2024,29
6592,580,8/19/2025,50
6593,528,8/6/2023,77
6594,627,7/28/2024,89
6595,851,11/3/2022,41
6596,354,10/29/2023,83
6597,534,1/2/2025,71
6598,680,8/21/2024,93
6599,754,6/16/2022,75
6600,771,7/8/2025,56
6601,337,9/16/2025,68
6602,999,11/29/2023,32
6603,10,5/13/2023,68
6604,493,2/16/2024,71
6605,609,3/16/2025,62
6606,62,10/24/2023,11
6607,452,2/14/2022,52
6608,596,4/17/2022,72
6609,608,3/31/2025,20
6610,120,2/23/2025,79
6611,278,2/1/2025,85
6612,245,7/4/2022,54
6613,640,9/7/2022,97
6614,329,7/31/2023,86
6615,572,12/4/2022,47
6616,732,7/20/2023,89
6617,798,3/26/2024,94
6618,184,2/14/2023,11
6619,904,6/30/2022,100
6620,166,8/12/2023,1
6621,22,11/21/2024,49
6622,45,6/21/2024,94
6623,202,4/15/2023,73
6624,874,3/31/2023,27
6625,208,5/2/2024,65
6626,694,9/10/2022,22
6627,419,5/2/2025,24
6628,40,6/24/2025,92
6629,445,2/7/2022,5
6630,29,11/19/2025,97
6631,477,2/4/2022,46
6632,559,11/1/2023,7
6633,522,9/1/2024,79
6634,283,4/23/2023,5
6635,767,10/25/2022,33
6636,597,3/11/2022,25
6637,255,11/28/2024,79
6638,435,2/23/2022,40
6639,109,12/9/2023,66
6640,924,7/29/2023,8
6641,754,11/14/2025,70
6642,288,9/21/2025,72
6643,675,4/9/2025,29
6644,680,12/3/2024,89
6645,610,3/4/2024,48
6646,55,5/26/2023,67
6647,879,9/1/2022,19
6648,956,11/15/2025,94
6649,975,7/17/2023,25
6650,981,9/19/2023,63
6651,929,7/26/2022,9
6652,740,2/9/2023,5
6653,57,7/16/2024,13
6654,466,9/15/2023,95
6655,246,5/5/2024,22
6656,220,11/6/2022,88
6657,831,4/30/2022,59
6658,813,7/17/2025,9
6659,523,9/24/2023,45
6660,737,6/12/2023,48
6661,130,2/22/2023,27
6662,222,8/19/2024,61
6663,861,4/2/2024,87
6664,452,7/23/2023,89
6665,547,9/22/2025,53
6666,463,8/10/2025,90
6667,203,10/18/2022,93
6668,827,7/27/2024,9
6669,759,11/15/2025,64
6670,684,12/15/2023,78
6671,354,2/14/2022,2
6672,644,7/13/2022,61
6673,954,9/2/2024,92
6674,650,8/10/2025,27
6675,495,7/7/2022,86
6676,271,3/9/2024,94
6677,523,12/27/2023,64
6678,372,2/21/2023,63
6679,612,7/11/2024,54
6680,46,7/6/2025,41
6681,191,12/16/2022,46
6682,787,3/21/2022,53
6683,381,6/9/2023,49
6684,433,4/4/2023,83
6685,544,11/28/2024,77
6686,439,2/24/2024,35
6687,759,1/27/2022,52
6688,246,5/12/2023,22
6689,759,12/9/2024,18
6690,210,11/28/2023,37
6691,371,4/2/2024,6
6692,588,1/22/2023,86
6693,886,4/12/2023,13
6694,233,7/10/2022,33
6695,588,4/30/2022,26
6696,65,2/23/2022,21
6697,76,7/1/2024,37
6698,768,8/19/2022,72
6699,719,4/18/2024,90
6700,377,10/24/2025,19
6701,623,10/15/2024,24
6702,381,4/20/2024,47
6703,278,6/20/2022,32
6704,432,12/16/2023,80
6705,312,7/26/2025,23
6706,816,7/16/2023,41
6707,412,4/22/2025,55
6708,321,11/1/2024,39
6709,537,1/25/2023,62
6710,759,7/26/2022,80
6711,274,1/25/2022,54
6712,940,2/8/2023,46
6713,464,5/2/2023,96
6714,661,8/16/2024,99
6715,958,4/16/2024,100
6716,432,12/1/2023,2
6717,200,11/22/2024,84
6718,748,1/30/2025,90
6719,7,11/8/2024,81
6720,458,8/3/2025,75
6721,980,6/10/2023,37
6722,415,4/17/2025,73
6723,685,9/7/2023,58
6724,526,9/27/2022,84
6725,215,8/1/2022,36
6726,318,5/14/2022,75
6727,524,10/28/2025,79
6728,105,9/5/2022,84
6729,415,5/5/2025,18
6730,415,2/18/2025,87
6731,835,10/4/2023,22
6732,124,8/28/2025,94
6733,843,8/20/2025,4
6734,411,9/14/2025,23
6735,652,12/27/2023,61
6736,557,3/12/2023,55
6737,300,3/6/2022,69
6738,931,5/12/2025,41
6739,225,6/29/2025,1
6740,37,2/23/2024,62
6741,751,4/14/2022,52
6742,622,4/17/2025,51
6743,891,3/12/2023,38
6744,458,3/12/2024,90
6745,17,8/21/2024,80
6746,21,8/2/2022,19
6747,434,4/2/2022,4
6748,250,4/26/2022,19
6749,923,11/2/2025,5
6750,119,10/30/2025,71
6751,881,9/16/2023,63
6752,217,9/15/2023,47
6753,120,8/18/2023,60
6754,275,5/28/2023,81
6755,145,3/5/2024,84
6756,402,6/5/2023,44
6757,331,6/19/2024,60
6758,530,7/8/2023,58
6759,538,7/9/2024,95
6760,1,10/12/2025,77
6761,125,10/28/2022,32
6762,162,4/2/2022,89
6763,195,2/9/2024,40
6764,94,6/23/2022,76
6765,315,12/5/2022,98
6766,550,2/27/2025,81
6767,309,9/3/2023,11
6768,330,3/13/2024,21
6769,470,2/7/2025,80
6770,549,7/7/2022,13
6771,331,12/1/2023,2
6772,222,2/20/2022,26
6773,410,12/31/2023,49
6774,25,11/24/2022,13
6775,493,8/24/2025,16
6776,942,1/17/2023,34
6777,398,10/20/2022,60
6778,109,1/21/2022,55
6779,708,7/14/2022,80
6780,127,11/12/2022,99
6781,194,11/30/2022,4
6782,147,12/14/2024,69
6783,884,7/20/2025,17
6784,982,6/3/2025,37
6785,570,10/29/2025,35
6786,618,8/5/2025,71
6787,646,10/28/2023,26
6788,611,7/24/2023,90
6789,545,8/6/2024,39
6790,987,4/12/2023,82
6791,734,6/1/2024,96
6792,89,12/31/2025,52
6793,392,10/17/2022,11
6794,975,1/29/2025,71
6795,404,9/28/2025,43
6796,205,2/25/2024,34
6797,869,6/5/2023,46
6798,624,1/8/2023,30
6799,563,9/3/2022,29
6800,421,4/15/2023,99
6801,125,12/26/2024,28
6802,384,1/23/2024,46
6803,438,11/20/2022,72
6804,932,3/2/2024,23
6805,308,3/28/2025,62
6806,150,1/20/2022,90
6807,428,1/31/2022,82
6808,998,11/2/2025,3
6809,483,12/29/2024,41
6810,380,4/20/2024,1
6811,667,8/16/2025,61
6812,649,5/10/2024,33
6813,300,1/31/2024,90
6814,968,11/5/2022,18
6815,593,3/30/2025,86
6816,58,1/22/2025,35
6817,408,3/8/2023,93
6818,923,12/13/2024,20
6819,394,11/28/2024,27
6820,568,5/20/2022,36
6821,613,8/23/2022,99
6822,705,5/19/2024,74
6823,873,6/30/2024,82
6824,150,8/19/2024,56
6825,517,6/30/2023,80
6826,534,5/5/2025,63
6827,153,10/14/2023,67
6828,674,10/29/2022,84
6829,119,6/18/2022,99
6830,457,7/6/2025,58
6831,331,10/30/2024,45
6832,155,11/6/2023,66
6833,823,11/2/2022,75
6834,245,5/22/2022,99
6835,256,8/12/2022,70
6836,855,6/4/2022,96
6837,878,2/13/2024,74
6838,35,10/16/2022,96
6839,278,7/6/2022,76
6840,709,2/18/2023,89
6841,779,10/18/2024,20
6842,1000,12/27/2023,100
6843,555,8/13/2022,35
6844,8,12/29/2024,80
6845,874,12/17/2023,40
6846,162,9/30/2022,46
6847,121,10/6/2024,75
6848,675,12/21/2025,55
6849,604,2/29/2024,72
6850,60,8/24/2022,8
6851,170,3/29/2023,84
6852,590,5/25/2024,41
6853,256,12/31/2025,79
6854,685,9/19/2025,29
6855,412,9/25/2025,60
6856,589,5/1/2025,59
6857,475,4/19/2024,14
6858,366,8/4/2024,48
6859,343,12/8/2024,64
6860,698,11/11/2024,84
6861,515,7/22/2024,89
6862,595,7/16/2022,39
6863,578,7/9/2025,65
6864,208,1/15/2022,18
6865,914,9/15/2023,90
6866,564,9/27/2023,87
6867,719,12/26/2025,100
6868,882,5/11/2022,49
6869,925,11/27/2023,36
6870,667,6/7/2023,76
6871,788,5/23/2022,73
6872,472,11/23/2022,22
6873,738,9/9/2023,54
6874,322,8/31/2025,65
6875,712,7/22/2023,46
6876,86,7/9/2025,38
6877,915,12/8/2024,24
6878,245,4/11/2025,42
6879,657,6/1/2025,25
6880,12,11/9/2024,31
6881,156,12/7/2024,19
6882,987,8/14/2022,38
6883,834,11/13/2024,64
6884,223,3/12/2022,38
6885,131,12/13/2024,15
6886,815,8/13/2024,81
6887,991,1/10/2025,44
6888,169,7/27/2024,59
6889,664,6/23/2023,53
6890,284,6/24/2023,51
6891,745,5/20/2024,44
6892,419,11/22/2023,76
6893,126,5/13/2023,86
6894,325,12/16/2023,91
6895,539,2/23/2024,45
6896,799,12/17/2022,35
6897,22,7/21/2024,9
6898,958,4/4/2023,45
6899,650,1/27/2023,100
6900,876,9/4/2023,27
6901,931,5/31/2022,85
6902,154,5/31/2024,76
6903,94,12/7/2024,67
6904,777,10/28/2025,57
6905,188,2/19/2023,76
6906,148,2/26/2024,10
6907,469,1/6/2024,13
6908,914,12/4/2024,20
6909,796,7/1/2024,77
6910,518,3/25/2025,44
6911,197,5/27/2025,21
6912,337,6/15/2022,5
6913,689,6/3/2023,49
6914,158,8/12/2024,40
6915,525,3/5/2024,18
6916,12,12/6/2023,3
6917,326,9/10/2022,76
6918,248,4/16/2024,78
6919,682,12/17/2024,25
6920,915,2/26/2022,50
6921,147,5/14/2024,26
6922,798,8/16/2025,41
6923,656,4/18/2024,11
6924,970,10/24/2025,95
6925,912,5/31/2023,73
6926,101,1/6/2022,91
6927,744,9/23/2024,30
6928,593,11/7/2022,88
6929,114,1/15/2022,52
6930,258,9/21/2022,20
6931,927,9/26/2025,34
6932,543,2/15/2025,82
6933,339,2/6/2023,78
6934,321,5/23/2024,73
6935,838,5/11/2023,23
6936,284,9/17/2022,65
6937,159,12/15/2025,95
6938,574,4/4/2025,5
6939,993,6/16/2023,33
6940,184,6/1/2023,9
6941,256,4/6/2025,11
6942,470,11/5/2023,100
6943,200,7/5/2023,25
6944,651,7/20/2023,18
6945,254,10/15/2023,8
6946,129,2/1/2024,99
6947,262,2/28/2022,47
6948,931,12/3/2023,80
6949,935,10/5/2023,26
6950,506,2/6/2023,65
6951,401,6/4/2023,89
6952,820,9/13/2023,68
6953,195,6/19/2023,52
6954,654,8/20/2025,22
6955,681,2/12/2024,24
6956,711,1/5/2024,60
6957,218,1/20/2023,46
6958,717,8/31/2025,5
6959,612,2/3/2022,20
6960,876,3/14/2024,44
6961,175,9/4/2022,18
6962,614,1/28/2025,56
6963,830,7/7/2023,31
6964,279,3/5/2023,30
6965,744,3/26/2022,11
6966,100,2/28/2025,51
6967,719,8/3/2023,19
6968,607,1/22/2023,64
6969,193,5/18/2025,94
6970,67,1/29/2022,92
6971,746,11/16/2023,67
6972,242,8/23/2022,81
6973,498,7/5/2022,93
6974,61,2/1/2022,69
6975,964,10/1/2022,26
6976,549,10/15/2025,51
6977,932,10/13/2023,86
6978,161,12/31/2025,67
6979,206,1/26/2023,37
6980,611,1/18/2025,17
6981,605,5/11/2022,15
6982,791,6/7/2022,38
6983,929,1/24/2022,81
6984,822,8/6/2025,56
6985,141,9/8/2024,6
6986,310,12/22/2024,92
6987,914,9/16/2025,41
6988,549,5/1/2023,40
6989,868,11/21/2024,82
6990,564,1/4/2024,38
6991,50,3/3/2024,62
6992,473,8/24/2024,93
6993,825,11/18/2023,52
6994,656,2/5/2022,62
6995,133,4/20/2022,36
6996,211,1/3/2024,90
6997,855,4/12/2024,8
6998,980,12/6/2024,28
6999,753,4/15/2024,100
7000,99,10/2/2022,49
7001,620,6/20/2023,18
7002,830,10/11/2023,42
7003,641,12/8/2025,26
7004,595,2/18/2024,53
7005,468,7/16/2024,24
7006,245,12/10/2024,40
7007,281,6/14/2023,91
7008,746,11/10/2025,9
7009,70,9/13/2024,77
7010,85,5/24/2025,8
7011,397,12/30/2024,46
7012,775,6/27/2024,67
7013,658,2/15/2022,96
7014,590,5/2/2024,26
7015,535,7/9/2022,6
7016,111,5/31/2024,76
7017,332,10/21/2024,90
7018,80,3/7/2024,57
7019,759,3/27/2023,7
7020,751,3/28/2022,51
7021,259,9/7/2024,40
7022,293,10/17/2024,46
7023,318,11/30/2023,6
7024,890,11/12/2024,32
7025,489,2/12/2025,100
7026,763,1/19/2024,5
7027,449,3/11/2022,92
7028,699,6/25/2025,52
7029,529,11/13/2023,59
7030,279,9/9/2024,94
7031,877,6/14/2023,22
7032,709,6/27/2024,99
7033,770,1/29/2022,28
7034,949,7/17/2025,35
7035,249,3/28/2022,45
7036,92,3/1/2024,61
7037,583,5/29/2023,33
7038,327,2/22/2022,80
7039,436,11/7/2023,3
7040,235,9/28/2025,67
7041,399,9/1/2022,66
7042,394,3/4/2023,54
7043,351,10/4/2022,62
7044,743,7/2/2022,75
7045,593,12/3/2022,91
7046,475,4/15/2024,22
7047,113,2/14/2025,48
7048,571,10/5/2024,57
7049,176,1/31/2025,35
7050,315,11/11/2024,98
7051,415,7/14/2023,52
7052,142,8/8/2025,60
7053,390,9/9/2022,20
7054,267,10/19/2024,42
7055,850,6/12/2022,63
7056,860,1/23/2025,43
7057,5,5/8/2022,78
7058,603,11/12/2022,14
7059,641,7/26/2023,16
7060,378,10/11/2024,34
7061,470,3/8/2022,32
7062,790,1/11/2023,82
7063,378,5/3/2023,87
7064,65,12/4/2024,48
7065,373,11/5/2025,51
7066,254,6/16/2024,30
7067,383,1/12/2024,54
7068,231,5/7/2023,71
7069,150,4/16/2025,73
7070,986,6/6/2022,97
7071,129,7/8/2022,58
7072,707,10/21/2022,35
7073,718,1/27/2023,7
7074,618,11/6/2023,69
7075,912,10/14/2025,81
7076,5,8/8/2024,56
7077,302,7/15/2023,93
7078,185,11/6/2022,32
7079,577,8/5/2024,6
7080,636,1/5/2023,64
7081,898,11/27/2025,13
7082,380,11/29/2023,9
7083,236,3/15/2024,71
7084,925,8/13/2025,44
7085,673,3/23/2023,61
7086,765,11/21/2023,75
7087,445,2/17/2024,39
7088,448,2/1/2023,62
7089,390,3/21/2022,54
7090,750,2/19/2023,59
7091,211,6/14/2022,71
7092,976,9/14/2024,39
7093,176,1/11/2022,51
7094,461,4/8/2023,60
7095,315,7/15/2025,15
7096,643,4/10/2024,22
7097,681,9/7/2024,9
7098,919,9/3/2024,20
7099,790,3/12/2023,44
7100,249,7/12/2024,94
7101,207,11/20/2022,93
7102,887,7/17/2024,77
7103,488,9/24/2024,56
7104,98,7/4/2025,21
7105,825,9/5/2025,36
7106,649,2/5/2022,77
7107,26,3/14/2023,91
7108,783,3/10/2024,97
7109,608,4/15/2023,39
7110,615,6/22/2024,49
7111,865,6/2/2025,51
7112,496,1/12/2023,6
7113,462,7/29/2025,12
7114,618,7/12/2025,5
7115,198,8/28/2025,74
7116,152,4/18/2022,23
7117,844,3/5/2023,71
7118,216,7/1/2022,38
7119,505,6/25/2022,80
7120,270,3/19/2022,12
7121,231,10/5/2023,33
7122,598,5/8/2022,21
7123,803,3/9/2023,44
7124,442,12/4/2025,57
7125,139,7/15/2025,17
7126,245,10/1/2025,67
7127,165,2/23/2022,97
7128,883,8/23/2024,5
7129,320,7/15/2024,9
7130,374,7/13/2022,96
7131,72,8/16/2025,65
7132,447,8/14/2023,92
7133,914,11/27/2025,71
7134,410,6/16/2022,72
7135,652,8/7/2024,16
7136,182,7/11/2022,52
7137,143,10/19/2025,37
7138,732,6/6/2024,84
7139,66,4/21/2022,5
7140,449,11/10/2022,2
7141,317,6/9/2023,56
7142,17,1/19/2022,98
7143,532,1/13/2022,100
7144,965,9/14/2025,60
7145,70,12/4/2025,43
7146,816,2/23/2024,28
7147,540,8/11/2025,100
7148,724,8/15/2024,19
7149,97,2/10/2022,13
7150,870,11/9/2024,51
7151,12,1/27/2022,40
7152,907,4/7/2025,50
7153,658,6/21/2023,91
7154,338,7/26/2022,27
7155,8,1/13/2023,88
7156,611,9/25/2024,22
7157,88,5/22/2025,33
7158,609,4/13/2024,1
7159,774,8/23/2022,68
7160,268,8/8/2025,86
7161,239,3/1/2025,89
7162,222,8/22/2023,17
7163,225,3/21/2024,77
7164,114,11/9/2025,15
7165,250,7/6/2023,63
7166,660,2/7/2022,71
7167,303,8/1/2022,16
7168,781,5/27/2024,12
7169,820,12/28/2025,8
7170,761,12/16/2024,71
7171,540,6/21/2024,62
7172,317,4/17/2023,12
7173,930,10/4/2023,51
7174,206,2/26/2022,80
7175,465,6/27/2023,24
7176,454,6/29/2024,61
7177,746,8/16/2025,30
7178,547,9/9/2025,27
7179,800,4/14/2025,40
7180,920,2/1/2022,36
7181,391,3/31/2025,50
7182,875,11/16/2022,21
7183,170,6/19/2024,40
7184,917,10/14/2025,63
7185,178,7/21/2025,39
7186,851,8/28/2024,66
7187,391,3/14/2023,12
7188,965,2/1/2024,14
7189,130,10/25/2024,87
7190,466,1/22/2024,47
7191,902,8/14/2023,61
7192,48,8/12/2023,74
7193,266,5/26/2024,15
7194,84,2/22/2022,98
7195,322,12/29/2025,43
7196,391,5/30/2022,89
7197,619,12/9/2025,42
7198,258,2/21/2022,41
7199,159,1/19/2024,61
7200,170,9/3/2023,20
7201,939,4/18/2024,61
7202,954,9/26/2023,99
7203,222,8/3/2025,65
7204,196,1/25/2022,8
7205,55,12/11/2025,70
7206,960,10/4/2024,4
7207,707,2/11/2025,11
7208,761,7/24/2022,29
7209,291,4/6/2022,31
7210,641,8/4/2023,1
7211,60,4/17/2023,2
7212,677,2/17/2025,79
7213,580,8/2/2025,46
7214,332,9/17/2023,20
7215,711,1/27/2025,43
7216,647,3/29/2022,70
7217,439,12/20/2024,74
7218,187,5/26/2022,29
7219,24,9/2/2024,17
7220,938,7/13/2023,96
7221,282,8/30/2023,64
7222,302,2/8/2023,99
7223,682,8/13/2023,31
7224,256,7/1/2025,12
7225,376,3/27/2025,39
7226,712,5/13/2023,33
7227,596,3/6/2023,72
7228,657,1/14/2024,72
7229,5,9/27/2024,8
7230,452,9/24/2022,59
7231,476,11/26/2024,35
7232,633,10/18/2025,62
7233,152,5/18/2025,40
7234,160,3/12/2024,54
7235,763,4/13/2023,72
7236,674,4/18/2023,30
7237,812,12/19/2024,20
7238,271,10/27/2023,71
7239,998,6/5/2022,95
7240,273,9/17/2024,45
7241,651,7/21/2022,100
7242,163,12/12/2025,19
7243,919,9/2/2023,82
7244,333,5/15/2023,99
7245,803,3/22/2022,30
7246,332,9/3/2022,15
7247,791,10/16/2025,67
7248,455,2/24/2024,87
7249,63,8/10/2025,9
7250,191,10/28/2025,65
7251,684,3/13/2022,88
7252,194,7/11/2023,4
7253,276,5/9/2025,52
7254,542,12/26/2023,8
7255,254,1/14/2024,18
7256,129,4/12/2024,49
7257,625,10/22/2024,33
7258,689,10/3/2025,9
7259,734,7/19/2025,81
7260,944,7/2/2024,21
7261,125,4/22/2024,88
7262,427,6/12/2023,18
7263,234,6/19/2022,52
7264,902,11/1/2024,73
7265,540,1/4/2022,49
7266,99,10/17/2024,42
7267,693,12/28/2023,76
7268,43,2/23/2025,2
7269,275,10/18/2025,83
7270,722,3/18/2024,69
7271,507,4/16/2024,77
7272,762,12/14/2023,43
7273,572,6/29/2023,39
7274,844,5/10/2022,58
7275,563,2/15/2022,65
7276,57,11/22/2024,93
7277,72,8/29/2025,86
7278,777,3/20/2022,6
7279,39,4/23/2023,16
7280,377,6/7/2024,95
7281,17,10/26/2024,39
7282,304,12/10/2024,59
7283,596,10/11/2024,6
7284,174,5/3/2022,11
7285,467,1/6/2023,41
7286,997,11/17/2023,72
7287,71,4/4/2022,78
7288,64,5/17/2023,90
7289,272,7/17/2023,20
7290,828,11/30/2025,21
7291,406,4/9/2023,55
7292,640,11/20/2025,55
7293,34,10/20/2024,4
7294,736,10/8/2024,45
7295,68,4/12/2025,90
7296,712,5/15/2025,17
7297,148,11/21/2022,83
7298,859,9/7/2023,45
7299,297,2/11/2024,53
7300,184,11/28/2025,65
7301,337,3/1/2022,71
7302,1,11/28/2023,64
7303,166,11/10/2022,11
7304,599,10/30/2022,30
7305,301,1/17/2025,85
7306,354,10/22/2022,5
7307,808,3/5/2025,72
7308,124,12/23/2025,53
7309,396,2/8/2025,12
7310,187,9/6/2022,13
7311,483,7/28/2022,99
7312,332,10/1/2023,4
7313,47,3/16/2024,3
7314,71,2/11/2025,2
7315,853,9/10/2023,63
7316,57,9/2/2022,93
7317,783,12/19/2025,18
7318,917,8/14/2025,80
7319,466,8/13/2024,72
7320,313,10/13/2024,23
7321,777,9/28/2025,8
7322,983,11/25/2023,49
7323,121,8/1/2022,9
7324,965,6/4/2024,12
7325,944,10/21/2023,47
7326,143,3/14/2025,82
7327,55,2/1/2025,100
7328,715,11/20/2023,63
7329,78,6/22/2023,28
7330,601,9/9/2023,33
7331,65,7/13/2024,62
7332,691,7/19/2024,18
7333,232,1/18/2024,52
7334,97,2/17/2024,77
7335,67,12/20/2025,85
7336,189,1/6/2023,6
7337,541,9/12/2022,29
7338,77,3/13/2025,26
7339,803,9/28/2025,56
7340,605,6/8/2024,19
7341,298,8/10/2023,96
7342,987,5/25/2023,92
7343,659,11/15/2023,34
7344,672,3/18/2022,41
7345,174,2/12/2024,44
7346,711,1/29/2023,5
7347,560,1/23/2023,89
7348,985,3/29/2024,78
7349,478,11/8/2025,34
7350,679,10/28/2022,55
7351,342,8/24/2025,39
7352,41,1/29/2024,23
7353,128,11/22/2025,31
7354,868,7/13/2023,11
7355,739,12/27/2025,81
7356,365,8/22/2024,66
7357,698,9/5/2024,94
7358,5,4/2/2024,1
7359,38,10/22/2023,64
7360,508,2/7/2024,57
7361,625,5/27/2025,63
7362,938,3/3/2025,99
7363,760,2/4/2022,40
7364,258,10/11/2024,15
7365,816,5/4/2025,2
7366,492,12/23/2024,50
7367,827,12/28/2023,18
7368,174,5/6/2023,15
7369,27,9/10/2024,15
7370,58,8/27/2024,28
7371,991,7/1/2023,12
7372,81,8/17/2023,49
7373,940,6/23/2023,66
7374,728,3/7/2022,29
7375,147,2/16/2022,14
7376,865,5/2/2022,58
7377,145,9/12/2023,9
7378,144,1/16/2024,74
7379,576,8/20/2023,39
7380,289,10/27/2025,41
7381,291,11/25/2022,25
7382,196,7/29/2023,29
7383,608,12/28/2022,15
7384,27,3/14/2023,56
7385,246,5/3/2024,15
7386,554,3/29/2023,69
7387,487,4/10/2023,26
7388,700,9/7/2024,57
7389,217,4/27/2025,54
7390,648,11/7/2022,64
7391,760,6/12/2022,76
7392,389,12/16/2022,57
7393,257,4/23/2024,86
7394,556,11/3/2025,26
7395,579,8/22/2022,76
7396,95,3/4/2022,35
7397,566,2/11/2024,63
7398,155,12/18/2025,50
7399,569,3/18/2024,91
7400,932,9/12/2025,28
7401,538,7/27/2024,52
7402,762,2/16/2022,17
7403,310,9/17/2023,64
7404,923,1/30/2025,4
7405,813,1/15/2024,42
7406,917,10/12/2022,1
7407,742,9/22/2022,33
7408,650,8/27/2024,49
7409,526,11/8/2023,34
7410,929,4/18/2024,39
7411,849,6/29/2023,15
7412,417,5/11/2023,72
7413,86,8/31/2024,80
7414,4,1/12/2022,46
7415,234,9/28/2023,6
7416,63,6/26/2023,7
7417,212,2/12/2025,68
7418,110,11/30/2024,93
7419,982,9/15/2023,87
7420,96,1/19/2023,41
7421,627,12/11/2022,50
7422,352,11/5/2022,17
7423,175,2/4/2023,8
7424,702,1/16/2025,77
7425,971,3/8/2022,43
7426,791,2/8/2022,50
7427,976,2/28/2024,35
7428,591,11/23/2022,32
7429,674,4/28/2025,99
7430,147,1/3/2025,82
7431,853,1/28/2025,70
7432,748,10/30/2023,39
7433,255,10/2/2023,73
7434,355,9/14/2023,34
7435,611,10/14/2022,52
7436,13,4/8/2024,15
7437,818,6/15/2025,71
7438,281,1/10/2023,7
7439,75,3/24/2022,73
7440,331,4/5/2024,61
7441,836,8/7/2023,7
7442,275,3/11/2025,51
7443,540,6/5/2025,23
7444,812,10/20/2025,48
7445,34,7/29/2023,2
7446,760,8/10/2025,73
7447,289,6/22/2022,51
7448,696,6/29/2023,37
7449,189,1/24/2023,88
7450,140,9/10/2025,65
7451,789,5/26/2024,61
7452,808,6/19/2023,15
7453,982,8/11/2022,51
7454,678,2/17/2025,71
7455,466,8/14/2024,93
7456,195,5/31/2025,61
7457,296,10/3/2023,18
7458,649,8/8/2022,68
7459,347,5/4/2023,8
7460,484,6/24/2024,32
7461,169,12/18/2022,92
7462,440,4/14/2022,81
7463,238,4/17/2025,91
7464,113,2/15/2024,36
7465,132,8/3/2023,69
7466,519,3/18/2024,71
7467,367,12/14/2024,25
7468,100,1/2/2022,95
7469,515,10/6/2023,97
7470,165,1/7/2023,12
7471,16,5/15/2022,77
7472,133,2/22/2022,45
7473,449,10/6/2023,68
7474,955,3/5/2024,56
7475,242,1/12/2024,23
7476,285,2/17/2025,10
7477,243,10/31/2023,52
7478,356,5/11/2024,84
7479,718,4/7/2025,83
7480,323,8/18/2024,28
7481,658,8/23/2025,87
7482,899,11/20/2022,36
7483,947,2/23/2025,57
7484,563,10/14/2024,33
7485,714,5/1/2024,53
7486,920,1/6/2022,53
7487,787,3/2/2024,70
7488,300,6/8/2025,48
7489,133,7/30/2024,53
7490,115,1/8/2022,66
7491,883,2/25/2023,42
7492,557,4/11/2024,53
7493,297,4/1/2025,9
7494,346,10/13/2023,87
7495,282,6/5/2025,13
7496,802,3/8/2025,88
7497,613,1/26/2023,77
7498,880,10/12/2022,95
7499,302,8/12/2025,3
7500,473,5/10/2024,22
7501,122,5/24/2025,6
7502,972,9/9/2025,42
7503,512,9/13/2023,91
7504,554,3/8/2022,77
7505,414,8/21/2025,71
7506,271,5/2/2024,85
7507,949,6/25/2022,1
7508,489,2/14/2024,79
7509,675,2/10/2022,32
7510,38,2/28/2023,70
7511,276,5/24/2023,77
7512,805,10/26/2023,69
7513,88,4/6/2024,42
7514,102,5/11/2025,62
7515,810,5/29/2023,47
7516,309,12/10/2024,63
7517,274,10/8/2025,46
7518,566,12/29/2024,40
7519,195,1/8/2023,21
7520,43,9/17/2024,39
7521,5,2/15/2023,73
7522,80,11/30/2023,88
7523,159,7/16/2024,11
7524,697,3/5/2023,19
7525,298,1/6/2022,51
7526,72,5/8/2025,71
7527,15,11/28/2024,17
7528,478,6/29/2022,33
7529,841,7/6/2023,5
7530,339,1/18/2023,6
7531,64,11/29/2025,15
7532,229,10/7/2025,73
7533,500,10/7/2024,87
7534,189,10/6/2023,50
7535,979,3/18/2022,18
7536,764,12/27/2022,93
7537,345,5/16/2022,28
7538,952,2/27/2025,16
7539,326,5/9/2022,14
7540,141,9/16/2024,36
7541,939,10/23/2025,74
7542,960,3/26/2023,40
7543,313,9/26/2024,45
7544,595,7/8/2025,35
7545,174,9/17/2023,95
7546,642,10/18/2023,69
7547,691,10/20/2022,67
7548,710,9/17/2023,44
7549,569,6/30/2025,54
7550,705,8/27/2024,89
7551,556,10/22/2022,66
7552,820,2/9/2024,82
7553,180,10/29/2024,5
7554,484,4/23/2022,86
7555,417,1/20/2025,96
7556,534,10/22/2022,67
7557,143,3/7/2023,96
7558,324,9/1/2023,57
7559,955,1/8/2024,28
7560,106,8/31/2025,61
7561,636,11/22/2022,63
7562,665,1/9/2023,15
7563,475,7/8/2023,21
7564,34,6/6/2025,30
7565,35,11/11/2025,55
7566,276,10/27/2023,15
7567,103,10/9/2024,78
7568,95,9/2/2025,11
7569,161,5/21/2025,94
7570,191,9/22/2024,68
7571,839,2/29/2024,34
7572,639,12/9/2025,38
7573,31,12/16/2022,70
7574,629,6/14/2023,9
7575,137,11/7/2024,72
7576,422,1/31/2022,56
7577,39,1/2/2024,23
7578,91,6/2/2025,90
7579,133,9/16/2022,63
7580,434,3/19/2025,17
7581,464,8/26/2023,66
7582,353,6/11/2025,42
7583,621,7/16/2024,77
7584,721,8/18/2022,50
7585,729,12/10/2024,100
7586,580,3/24/2022,93
7587,546,12/22/2022,5
7588,492,7/21/2025,42
7589,238,7/3/2025,21
7590,487,3/9/2022,46
7591,11,7/9/2023,15
7592,967,5/18/2022,54
7593,371,2/1/2023,16
7594,757,11/14/2025,63
7595,957,10/13/2022,46
7596,497,7/26/2024,100
7597,862,3/20/2025,88
7598,480,7/11/2025,61
7599,133,6/2/2023,45
7600,27,10/15/2024,72
7601,136,12/8/2023,67
7602,943,6/6/2022,14
7603,476,11/22/2022,38
7604,320,12/29/2024,100
7605,447,9/29/2024,32
7606,256,2/1/2024,2
7607,871,2/15/2025,84
7608,1000,10/6/2024,94
7609,85,5/11/2023,66
7610,719,3/6/2023,64
7611,336,10/12/2025,36
7612,48,11/20/2025,36
7613,923,2/14/2022,92
7614,62,3/1/2025,86
7615,206,7/14/2022,50
7616,26,6/12/2025,32
7617,472,5/10/2024,19
7618,600,10/1/2024,2
7619,321,10/21/2024,49
7620,72,6/2/2024,56
7621,117,1/2/2023,68
7622,934,3/25/2025,81
7623,806,3/20/2024,37
7624,937,3/7/2024,17
7625,531,4/11/2023,85
7626,547,1/15/2022,77
7627,786,3/20/2024,54
7628,617,5/20/2023,4
7629,437,8/21/2024,47
7630,292,6/17/2023,62
7631,486,11/22/2025,86
7632,64,9/21/2024,51
7633,193,10/28/2023,47
7634,738,10/31/2024,38
7635,869,8/5/2024,42
7636,102,6/25/2024,2
7637,97,4/24/2024,11
7638,86,9/23/2025,76
7639,792,4/9/2023,37
7640,312,9/24/2023,86
7641,327,1/5/2023,40
7642,13,4/12/2024,100
7643,973,12/14/2025,19
7644,435,6/7/2024,19
7645,798,10/30/2022,59
7646,708,9/8/2025,81
7647,142,2/28/2025,15
7648,802,10/6/2023,51
7649,551,8/3/2022,23
7650,605,8/12/2023,74
7651,201,3/21/2025,57
7652,847,4/23/2024,66
7653,932,9/29/2022,27
7654,407,8/20/2022,29
7655,93,11/14/2025,64
7656,849,10/16/2023,36
7657,888,9/29/2024,70
7658,507,6/11/2023,16
7659,580,5/12/2022,31
7660,224,8/25/2023,11
7661,68,10/9/2024,9
7662,945,5/3/2023,27
7663,483,5/31/2024,49
7664,275,10/3/2023,15
7665,694,5/9/2023,10
7666,27,1/8/2023,88
7667,80,1/16/2023,52
7668,243,1/9/2023,72
7669,451,11/16/2024,73
7670,367,5/8/2023,11
7671,188,12/19/2024,63
7672,352,3/31/2023,87
7673,334,4/24/2023,45
7674,525,9/12/2025,87
7675,563,7/4/2025,95
7676,884,8/9/2023,55
7677,807,1/28/2023,11
7678,293,11/11/2024,62
7679,903,4/13/2022,89
7680,521,10/29/2023,58
7681,188,5/26/2024,81
7682,341,9/14/2024,54
7683,742,6/6/2022,42
7684,822,1/5/2022,95
7685,375,2/9/2023,16
7686,158,6/24/2022,45
7687,192,1/11/2024,16
7688,104,9/5/2025,66
7689,699,2/23/2023,93
7690,503,10/25/2023,100
7691,452,11/11/2022,24
7692,672,3/6/2022,73
7693,829,10/24/2024,88
7694,796,1/10/2023,84
7695,138,3/10/2024,51
7696,590,9/24/2024,18
7697,883,5/11/2025,47
7698,774,9/29/2022,78
7699,330,4/29/2024,62
7700,393,8/23/2025,39
7701,891,12/8/2023,22
7702,33,3/1/2022,66
7703,526,1/17/2023,43
7704,117,3/7/2025,48
7705,895,3/3/2025,94
7706,39,4/5/2023,1
7707,24,10/15/2022,24
7708,329,3/3/2023,92
7709,201,12/20/2022,93
7710,496,12/18/2024,31
7711,300,5/14/2025,100
7712,357,3/10/2022,22
7713,565,12/18/2024,6
7714,561,1/4/2025,31
7715,935,6/14/2024,54
7716,481,6/26/2025,1
7717,565,2/26/2022,18
7718,678,10/19/2024,80
7719,175,7/5/2022,63
7720,667,8/3/2025,61
7721,862,1/1/2024,99
7722,319,5/13/2022,23
7723,179,12/26/2024,90
7724,347,12/30/2024,36
7725,276,11/10/2023,93
7726,586,3/30/2023,79
7727,864,1/26/2022,22
7728,597,8/19/2025,21
7729,126,9/27/2022,55
7730,315,5/16/2025,51
7731,690,5/10/2024,24
7732,331,9/28/2024,27
7733,587,10/11/2024,90
7734,695,6/7/2025,76
7735,330,2/18/2022,20
7736,648,12/19/2025,73
7737,399,3/5/2022,16
7738,136,12/30/2025,45
7739,373,1/17/2023,2
7740,442,5/20/2025,65
7741,3,5/2/2022,19
7742,893,11/5/2023,24
7743,528,3/2/2024,19
7744,37,10/26/2025,19
7745,868,6/30/2022,8
7746,856,2/23/2022,56
7747,13,8/5/2024,87
7748,164,3/13/2022,31
7749,364,2/9/2025,78
7750,508,2/25/2022,55
7751,726,11/18/2025,26
7752,425,2/18/2024,7
7753,612,10/17/2025,79
7754,11,7/5/2022,3
7755,659,2/4/2023,43
7756,916,10/27/2023,4
7757,527,2/12/2022,78
7758,455,5/31/2022,99
7759,298,4/27/2023,33
7760,955,12/12/2024,32
7761,34,11/1/2024,57
7762,287,5/7/2022,51
7763,139,3/29/2022,39
7764,867,8/16/2024,37
7765,483,6/10/2023,19
7766,923,3/3/2025,26
7767,666,3/12/2023,59
7768,557,6/15/2023,74
7769,518,11/17/2022,76
7770,203,1/25/2023,52
7771,563,10/28/2024,76
7772,686,11/20/2023,60
7773,966,8/20/2024,36
7774,549,4/25/2022,36
7775,939,2/22/2024,52
7776,945,11/2/2023,31
7777,523,8/23/2025,77
7778,440,9/11/2023,19
7779,143,5/31/2022,6
7780,269,10/15/2024,50
7781,880,8/7/2022,8
7782,139,8/21/2025,20
7783,398,7/15/2023,38
7784,699,2/20/2025,1
7785,241,8/16/2024,23
7786,975,11/11/2023,55
7787,650,5/3/2024,38
7788,29,9/24/2022,90
7789,248,4/19/2022,10
7790,741,1/24/2025,72
7791,864,11/1/2025,60
7792,927,6/13/2025,65
7793,852,3/22/2023,68
7794,75,6/8/2023,6
7795,730,6/9/2023,80
7796,111,10/23/2024,34
7797,77,6/30/2024,66
7798,692,3/9/2025,30
7799,479,10/12/2025,40
7800,648,7/28/2023,71
7801,852,8/26/2024,94
7802,69,1/2/2024,88
7803,528,10/26/2025,73
7804,835,6/2/2023,54
7805,441,10/2/2022,53
7806,524,7/8/2023,97
7807,498,6/23/2024,21
7808,908,10/24/2025,96
7809,50,4/25/2025,65
7810,878,1/27/2022,62
7811,817,1/14/2024,60
7812,813,8/21/2022,82
7813,413,6/14/2023,69
7814,516,10/11/2025,10
7815,369,12/9/2025,79
7816,252,8/13/2022,73
7817,876,7/25/2022,92
7818,506,10/14/2024,94
7819,724,8/24/2023,95
7820,101,9/25/2023,5
7821,789,6/29/2025,64
7822,659,9/6/2025,94
7823,998,8/8/2025,97
7824,134,2/17/2025,55
7825,541,12/3/2025,92
7826,512,11/17/2024,89
7827,539,7/16/2025,1
7828,55,2/29/2024,89
7829,474,3/16/2022,64
7830,300,4/7/2025,58
7831,618,9/20/2025,18
7832,233,4/2/2023,92
7833,436,9/18/2023,30
7834,621,4/15/2024,42
7835,65,8/10/2024,30
7836,787,9/12/2024,97
7837,716,7/31/2023,49
7838,58,6/2/2025,12
7839,65,4/3/2025,2
7840,851,10/8/2025,99
7841,284,4/21/2024,24
7842,861,4/24/2022,78
7843,500,5/20/2025,3
7844,343,4/27/2022,90
7845,274,10/11/2022,66
7846,660,2/21/2023,23
7847,110,9/28/2022,89
7848,403,11/23/2024,30
7849,346,10/6/2023,100
7850,155,11/17/2022,60
7851,353,1/7/2022,45
7852,529,11/13/2022,6
7853,678,10/9/2024,27
7854,87,3/6/2025,6
7855,873,3/9/2023,86
7856,879,4/18/2022,11
7857,692,3/25/2024,12
7858,925,2/17/2025,13
7859,428,4/13/2022,98
7860,822,3/8/2025,98
7861,728,9/7/2022,72
7862,563,1/12/2023,8
7863,180,6/28/2024,51
7864,558,3/17/2022,95
7865,902,3/23/2023,10
7866,985,7/22/2022,80
7867,449,11/10/2022,2
7868,248,2/3/2025,81
7869,748,12/1/2022,55
7870,76,3/5/2022,89
7871,152,11/10/2022,42
7872,562,5/7/2022,79
7873,991,6/28/2024,85
7874,329,11/22/2025,33
7875,444,9/2/2022,65
7876,323,11/30/2024,47
7877,441,6/14/2023,44
7878,8,4/15/2022,80
7879,595,10/2/2024,23
7880,597,11/3/2022,12
7881,316,1/21/2024,49
7882,265,1/11/2024,83
7883,762,5/22/2024,17
7884,188,7/17/2022,35
7885,48,1/2/2023,67
7886,41,12/13/2024,48
7887,882,9/24/2025,61
7888,365,1/18/2022,53
7889,102,8/28/2023,82
7890,879,7/11/2025,88
7891,149,2/24/2023,45
7892,337,10/16/2023,44
7893,21,8/14/2025,28
7894,680,11/16/2025,45
7895,700,8/15/2024,84
7896,757,10/11/2024,51
7897,264,6/15/2024,70
7898,329,2/19/2023,42
7899,939,7/19/2025,71
7900,822,2/19/2022,72
7901,38,3/27/2022,53
7902,692,5/29/2024,94
7903,813,5/8/2025,88
7904,560,4/4/2025,16
7905,640,9/17/2024,23
7906,1,7/4/2023,96
7907,31,6/10/2023,41
7908,36,9/14/2023,32
7909,159,1/10/2023,80
7910,991,9/5/2023,61
7911,635,6/3/2022,14
7912,783,4/13/2023,10
7913,296,10/6/2025,81
7914,938,10/29/2024,77
7915,199,7/27/2022,36
7916,903,2/23/2023,87
7917,31,1/15/2023,13
7918,21,2/16/2023,87
7919,79,10/6/2024,8
7920,792,7/31/2025,64
7921,258,11/3/2024,85
7922,452,12/15/2023,62
7923,472,8/23/2022,78
7924,790,7/28/2022,35
7925,349,4/4/2025,29
7926,7,9/17/2024,27
7927,387,1/16/2024,12
7928,289,4/23/2024,28
7929,731,5/24/2025,25
7930,752,4/3/2025,76
7931,92,5/8/2022,22
7932,794,8/1/2023,17
7933,71,3/4/2022,74
7934,620,7/17/2023,54
7935,390,7/19/2024,22
7936,302,11/1/2022,71
7937,484,8/8/2022,22
7938,311,12/19/2023,79
7939,794,2/6/2024,4
7940,967,11/9/2024,60
7941,816,1/21/2022,60
7942,440,12/29/2022,38
7943,504,2/13/2025,69
7944,448,9/23/2024,38
7945,794,8/7/2025,66
7946,553,4/5/2025,23
7947,469,5/10/2025,57
7948,410,1/17/2024,76
7949,376,11/1/2025,97
7950,553,8/31/2023,37
7951,689,8/12/2025,48
7952,433,7/27/2023,48
7953,807,10/11/2023,87
7954,827,9/28/2024,97
7955,430,8/5/2023,65
7956,910,8/3/2022,83
7957,174,8/2/2025,9
7958,933,10/24/2023,76
7959,295,9/16/2025,82
7960,565,8/7/2023,72
7961,284,11/22/2025,59
7962,443,5/30/2024,90
7963,341,1/27/2025,66
7964,706,1/8/2025,85
7965,82,10/23/2022,19
7966,839,4/6/2025,67
7967,904,10/12/2025,44
7968,563,8/23/2024,87
7969,548,10/15/2025,89
7970,700,5/21/2025,85
7971,200,8/31/2024,22
7972,750,11/29/2023,50
7973,219,6/6/2025,1
7974,677,9/29/2022,98
7975,306,3/30/2024,26
7976,747,4/6/2025,63
7977,792,10/11/2025,49
7978,209,1/26/2023,91
7979,618,5/18/2022,83
7980,499,5/3/2023,78
7981,295,6/16/2025,65
7982,589,2/5/2024,12
7983,993,3/23/2022,92
7984,3,6/24/2022,7
7985,957,5/11/2023,46
7986,856,5/16/2023,38
7987,530,7/17/2022,40
7988,611,12/23/2023,98
7989,370,12/2/2023,24
7990,130,10/19/2022,58
7991,572,12/6/2022,22
7992,817,8/28/2024,92
7993,232,10/22/2025,74
7994,718,12/26/2025,42
7995,749,3/28/2024,9
7996,759,2/26/2022,16
7997,341,8/4/2025,25
7998,393,10/20/2025,41
7999,417,2/11/2023,89
8000,855,8/8/2023,12
8001,901,2/7/2022,58
8002,415,3/16/2025,35
8003,970,2/7/2025,5
8004,571,1/31/2022,62
8005,386,10/23/2024,71
8006,1,8/25/2023,96
8007,612,3/7/2024,51
8008,645,11/15/2022,33
8009,969,4/6/2025,86
8010,719,8/14/2023,25
8011,30,5/12/2025,69
8012,568,8/5/2022,95
8013,743,5/8/2024,1
8014,497,3/30/2023,93
8015,430,11/12/2025,21
8016,810,3/24/2024,49
8017,612,11/17/2024,26
8018,682,5/6/2022,15
8019,465,9/15/2024,71
8020,279,5/28/2022,49
8021,520,6/13/2023,51
8022,960,11/22/2022,49
8023,603,1/4/2022,75
8024,708,5/6/2024,97
8025,125,12/19/2022,52
8026,988,1/19/2024,16
8027,245,1/21/2025,33
8028,972,9/18/2022,50
8029,446,11/3/2024,11
8030,919,3/10/2023,23
8031,892,4/29/2023,21
8032,756,4/22/2024,98
8033,917,7/2/2024,41
8034,610,8/15/2024,88
8035,849,10/13/2022,56
8036,173,4/26/2024,51
8037,71,1/21/2023,94
8038,544,2/9/2023,70
8039,810,10/16/2025,24
8040,766,5/28/2022,29
8041,528,8/27/2023,67
8042,521,10/4/2023,1
8043,610,12/24/2022,16
8044,869,2/21/2025,8
8045,842,12/13/2023,72
8046,110,11/17/2024,45
8047,596,7/20/2023,2
8048,381,8/3/2025,75
8049,800,12/1/2024,66
8050,506,5/2/2023,72
8051,992,11/6/2025,17
8052,433,6/17/2025,88
8053,680,5/14/2024,19
8054,109,1/25/2022,58
8055,933,5/13/2024,56
8056,154,10/6/2024,22
8057,379,6/18/2023,38
8058,838,7/30/2022,6
8059,968,4/4/2024,48
8060,485,3/17/2025,68
8061,485,4/12/2023,31
8062,49,10/29/2023,54
8063,979,1/2/2022,96
8064,17,10/25/2024,24
8065,27,6/19/2025,30
8066,474,2/8/2025,12
8067,4,9/20/2023,55
8068,165,3/7/2022,21
8069,628,12/20/2023,86
8070,706,10/5/2025,30
8071,299,5/2/2022,67
8072,796,11/9/2022,19
8073,608,5/8/2025,33
8074,229,4/10/2024,18
8075,713,9/6/2022,56
8076,593,2/5/2022,3
8077,813,8/23/2023,9
8078,155,5/19/2024,51
8079,231,5/12/2025,55
8080,304,7/15/2025,33
8081,342,10/31/2023,44
8082,889,9/10/2023,42
8083,733,9/22/2025,76
8084,545,2/9/2025,45
8085,541,11/2/2022,85
8086,886,9/22/2024,22
8087,447,11/10/2024,20
8088,226,12/8/2022,41
8089,137,11/29/2025,9
8090,331,3/10/2023,68
8091,654,3/13/2024,40
8092,471,12/23/2023,37
8093,422,10/8/2024,54
8094,481,8/10/2025,9
8095,975,7/29/2023,38
8096,998,7/16/2023,98
8097,162,1/2/2025,63
8098,115,10/23/2025,58
8099,245,8/20/2025,51
8100,852,1/4/2025,47
8101,460,10/24/2024,94
8102,864,1/28/2025,94
8103,647,9/29/2025,41
8104,554,1/16/2022,93
8105,282,5/10/2024,9
8106,345,2/19/2022,32
8107,148,4/23/2024,31
8108,520,7/31/2023,70
8109,281,3/22/2023,61
8110,293,7/25/2025,48
8111,40,11/2/2024,26
8112,800,4/8/2024,51
8113,940,7/12/2025,27
8114,499,5/24/2022,50
8115,537,8/2/2024,34
8116,926,8/17/2022,89
8117,512,12/7/2022,75
8118,623,9/28/2022,18
8119,429,3/5/2024,95
8120,515,7/8/2024,66
8121,522,1/9/2025,36
8122,712,10/6/2023,54
8123,605,10/4/2025,20
8124,504,6/30/2023,5
8125,76,8/17/2022,43
8126,905,2/23/2022,79
8127,889,7/6/2022,36
8128,185,10/13/2023,39
8129,294,8/27/2023,100
8130,974,6/2/2025,99
8131,322,7/3/2022,47
8132,813,1/19/2023,5
8133,786,12/3/2025,68
8134,861,2/11/2022,72
8135,17,9/12/2023,92
8136,483,10/17/2022,95
8137,566,2/19/2024,63
8138,838,11/23/2025,11
8139,225,11/28/2022,25
8140,307,6/26/2023,72
8141,180,10/19/2023,61
8142,762,3/12/2025,44
8143,999,12/9/2025,41
8144,141,5/22/2022,71
8145,234,12/15/2023,43
8146,308,1/4/2025,16
8147,890,1/13/2022,98
8148,446,3/23/2025,35
8149,282,12/21/2022,28
8150,323,1/28/2024,7
8151,599,11/30/2025,47
8152,388,7/16/2024,99
8153,141,12/16/2025,16
8154,821,5/31/2024,25
8155,423,11/4/2022,18
8156,257,10/8/2024,10
8157,729,6/17/2024,61
8158,746,3/30/2023,30
8159,156,4/23/2022,76
8160,74,8/5/2024,41
8161,46,4/23/2024,64
8162,766,2/4/2025,9
8163,626,7/3/2022,33
8164,793,2/27/2024,42
8165,627,4/11/2025,6
8166,402,7/26/2025,42
8167,590,10/4/2025,48
8168,723,11/6/2022,41
8169,399,9/10/2022,51
8170,916,4/21/2024,80
8171,900,11/8/2023,78
8172,801,12/9/2022,2
8173,993,5/30/2022,65
8174,391,7/29/2022,91
8175,115,5/11/2023,88
8176,485,12/16/2024,33
8177,746,4/6/2022,79
8178,780,6/3/2022,81
8179,389,1/22/2023,37
8180,293,6/30/2025,87
8181,446,12/17/2025,64
8182,804,10/6/2023,76
8183,61,3/7/2022,75
8184,329,1/18/2022,79
8185,230,6/8/2025,96
8186,806,10/12/2023,86
8187,470,4/24/2022,43
8188,87,5/2/2025,57
8189,262,2/12/2024,65
8190,45,5/26/2023,86
8191,476,10/23/2023,40
8192,998,11/25/2022,32
8193,568,9/23/2025,74
8194,870,2/24/2025,96
8195,743,10/18/2022,92
8196,883,12/9/2024,15
8197,312,9/20/2022,92
8198,952,10/25/2023,79
8199,239,12/29/2024,16
8200,439,2/23/2022,1
8201,682,11/26/2024,21
8202,287,11/27/2022,93
8203,265,10/18/2024,76
8204,131,12/31/2023,58
8205,5,2/8/2022,64
8206,502,1/18/2025,42
8207,987,1/15/2023,91
8208,221,10/23/2025,16
8209,441,5/12/2025,32
8210,936,10/9/2022,21
8211,773,5/27/2024,85
8212,5,6/13/2023,55
8213,501,5/29/2024,69
8214,144,3/24/2024,92
8215,248,3/9/2023,20
8216,247,8/9/2024,97
8217,613,1/16/2023,13
8218,199,8/18/2025,76
8219,252,10/14/2025,71
8220,226,8/31/2022,83
8221,357,11/29/2024,16
8222,657,9/19/2025,96
8223,400,7/5/2022,80
8224,328,12/16/2024,12
8225,518,10/1/2025,56
8226,616,11/25/2022,82
8227,16,4/30/2024,48
8228,891,3/11/2025,39
8229,917,5/3/2023,28
8230,603,12/14/2022,52
8231,575,8/4/2023,99
8232,695,5/6/2023,61
8233,441,11/25/2024,73
8234,366,6/26/2023,78
8235,353,7/4/2023,78
8236,160,10/11/2025,41
8237,842,4/25/2024,77
8238,321,9/19/2025,33
8239,285,11/4/2024,59
8240,965,7/17/2025,31
8241,507,10/13/2022,94
8242,622,10/2/2025,74
8243,246,10/11/2025,59
8244,278,3/1/2022,46
8245,729,6/5/2023,53
8246,451,8/27/2023,78
8247,148,9/5/2023,28
8248,836,2/11/2025,83
8249,403,10/17/2024,29
8250,669,11/8/2022,15
8251,342,6/8/2024,74
8252,561,11/24/2025,71
8253,776,10/6/2023,34
8254,886,9/18/2025,65
8255,208,8/7/2024,73
8256,673,9/13/2025,79
8257,915,8/12/2025,96
8258,643,1/25/2022,86
8259,144,3/15/2025,44
8260,190,10/4/2022,24
8261,203,4/19/2025,10
8262,107,3/26/2025,58
8263,754,1/13/2023,67
8264,966,4/7/2022,70
8265,517,9/5/2023,1
8266,599,3/19/2023,71
8267,774,3/20/2024,79
8268,416,4/30/2022,73
8269,473,3/6/2022,53
8270,590,10/1/2023,2
8271,305,1/29/2025,49
8272,62,4/6/2023,65
8273,568,4/18/2023,57
8274,823,8/28/2022,58
8275,74,2/17/2023,52
8276,217,3/13/2023,56
8277,263,1/14/2023,33
8278,805,5/18/2023,61
8279,505,2/19/2023,29
8280,535,9/21/2024,50
8281,646,5/9/2023,42
8282,277,1/7/2025,72
8283,714,6/2/2024,90
8284,31,7/24/2024,64
8285,114,5/2/2024,14
8286,816,9/10/2025,67
8287,659,1/9/2023,33
8288,177,12/6/2025,5
8289,439,10/29/2022,20
8290,52,7/21/2022,100
8291,672,4/22/2025,43
8292,756,8/1/2025,21
8293,279,5/16/2022,14
8294,351,5/26/2024,66
8295,237,1/20/2024,77
8296,390,11/18/2022,36
8297,273,1/31/2024,11
8298,248,9/28/2024,36
8299,431,4/18/2024,67
8300,860,1/30/2024,12
8301,763,7/17/2025,27
8302,298,11/26/2022,1
8303,943,6/30/2024,48
8304,211,4/8/2023,18
8305,911,11/23/2025,20
8306,310,1/3/2023,12
8307,541,6/27/2025,74
8308,204,7/12/2024,49
8309,763,11/10/2022,95
8310,318,1/13/2025,40
8311,873,12/19/2022,23
8312,83,1/19/2023,21
8313,503,5/19/2023,96
8314,159,9/23/2024,59
8315,889,7/27/2023,33
8316,418,4/11/2024,66
8317,675,3/18/2024,56
8318,880,10/15/2022,12
8319,536,12/6/2022,71
8320,58,3/25/2023,12
8321,221,11/21/2022,20
8322,213,9/4/2025,72
8323,915,7/12/2023,45
8324,909,8/15/2023,23
8325,477,9/8/2024,7
8326,891,2/25/2025,60
8327,247,10/2/2024,70
8328,680,3/16/2024,21
8329,392,11/27/2025,42
8330,241,8/7/2025,35
8331,251,10/23/2022,90
8332,420,8/22/2022,80
8333,340,7/28/2023,28
8334,212,5/5/2025,52
8335,335,11/10/2025,93
8336,129,10/23/2024,35
8337,970,10/5/2024,15
8338,380,12/8/2022,30
8339,108,5/15/2024,61
8340,576,9/27/2022,100
8341,884,2/28/2024,31
8342,360,10/11/2022,6
8343,846,4/21/2022,19
8344,611,11/14/2025,42
8345,740,7/29/2025,10
8346,297,9/28/2024,4
8347,37,7/2/2024,66
8348,346,12/17/2022,83
8349,925,4/15/2024,24
8350,791,12/28/2024,53
8351,785,2/28/2024,58
8352,879,2/16/2023,67
8353,374,7/27/2023,98
8354,323,5/13/2025,89
8355,926,1/8/2023,32
8356,572,11/5/2025,98
8357,298,1/8/2025,4
8358,279,7/24/2025,97
8359,878,1/15/2024,15
8360,54,11/23/2022,12
8361,62,2/19/2022,12
8362,738,2/21/2024,13
8363,2,8/7/2023,47
8364,172,6/16/2022,65
8365,991,9/18/2025,75
8366,426,11/18/2025,2
8367,728,7/1/2023,30
8368,488,9/3/2024,14
8369,91,8/27/2023,15
8370,185,12/27/2023,75
8371,762,6/30/2024,65
8372,95,9/1/2023,21
8373,595,3/17/2025,31
8374,349,10/4/2022,93
8375,371,9/3/2024,58
8376,953,12/7/2025,24
8377,606,5/26/2025,94
8378,616,3/8/2022,20
8379,351,6/16/2022,30
8380,382,7/7/2024,70
8381,686,9/12/2025,52
8382,39,5/18/2025,7
8383,238,8/13/2025,81
8384,601,8/7/2022,23
8385,624,1/29/2024,70
8386,93,11/26/2024,34
8387,788,7/1/2024,76
8388,543,2/9/2025,90
8389,238,11/7/2022,78
8390,752,10/30/2023,93
8391,991,10/17/2023,54
8392,424,10/5/2025,7
8393,284,10/24/2022,54
8394,300,4/22/2023,47
8395,593,2/2/2022,72
8396,48,8/10/2022,25
8397,484,12/4/2025,70
8398,25,5/23/2025,45
8399,39,1/14/2023,68
8400,431,10/22/2024,42
8401,746,5/16/2024,39
8402,884,8/17/2025,22
8403,88,3/15/2023,83
8404,245,12/23/2025,7
8405,422,6/26/2023,24
8406,575,11/13/2024,43
8407,988,8/5/2023,16
8408,685,9/8/2024,92
8409,539,5/5/2023,35
8410,61,5/17/2025,25
8411,81,7/20/2024,26
8412,154,2/26/2023,20
8413,661,11/4/2025,67
8414,332,11/2/2024,49
8415,241,9/19/2023,24
8416,671,7/18/2022,88
8417,816,11/23/2025,66
8418,440,1/8/2025,41
8419,882,9/2/2024,52
8420,735,5/2/2025,66
8421,717,6/6/2024,16
8422,868,12/5/2022,81
8423,184,12/13/2022,26
8424,759,4/26/2022,3
8425,958,4/2/2022,53
8426,993,11/30/2024,88
8427,579,5/29/2025,74
8428,755,8/28/2022,31
8429,889,4/18/2024,40
8430,853,7/1/2022,60
8431,898,8/29/2023,24
8432,833,3/1/2025,83
8433,382,4/1/2025,30
8434,731,10/18/2025,22
8435,411,3/30/2023,10
8436,802,10/18/2025,70
8437,811,2/18/2025,3
8438,935,5/10/2023,81
8439,589,4/25/2023,98
8440,476,6/7/2022,12
8441,166,9/7/2025,10
8442,639,10/25/2022,94
8443,567,1/27/2023,13
8444,515,8/27/2023,41
8445,677,7/20/2022,88
8446,852,3/23/2025,14
8447,149,10/16/2024,67
8448,432,8/17/2022,39
8449,723,8/26/2022,44
8450,820,2/2/2022,94
8451,779,10/19/2025,65
8452,800,9/29/2023,32
8453,856,8/15/2024,94
8454,962,8/8/2022,59
8455,609,12/4/2022,10
8456,249,3/2/2024,40
8457,564,11/2/2022,25
8458,710,6/14/2024,65
8459,101,9/11/2025,87
8460,757,3/22/2023,4
8461,545,6/7/2024,79
8462,937,8/30/2025,92
8463,212,7/29/2025,100
8464,907,1/12/2022,67
8465,449,6/11/2022,32
8466,574,12/11/2025,15
8467,661,9/13/2025,95
8468,580,4/16/2023,42
8469,904,1/30/2024,35
8470,168,4/16/2024,74
8471,730,9/3/2024,72
8472,975,1/1/2025,81
8473,221,6/29/2023,89
8474,256,7/24/2025,88
8475,476,3/28/2022,18
8476,725,2/17/2022,17
8477,959,10/31/2025,21
8478,796,9/16/2022,63
8479,795,12/24/2025,59
8480,442,2/22/2023,86
8481,646,6/17/2023,85
8482,212,2/10/2022,82
8483,464,10/10/2025,8
8484,189,6/9/2023,70
8485,28,9/3/2022,86
8486,857,12/8/2023,99
8487,805,8/14/2022,35
8488,511,2/27/2025,78
8489,15,4/17/2022,41
8490,91,12/31/2023,17
8491,112,7/26/2023,34
8492,718,2/24/2022,26
8493,204,3/18/2022,92
8494,251,1/28/2024,18
8495,862,7/31/2023,14
8496,877,7/9/2022,58
8497,764,7/22/2022,58
8498,310,3/21/2025,57
8499,580,12/3/2024,15
8500,201,6/6/2024,50
8501,858,5/2/2025,93
8502,85,4/12/2022,9
8503,745,10/1/2024,80
8504,512,1/4/2025,13
8505,758,10/20/2022,24
8506,451,2/23/2024,90
8507,159,1/25/2025,30
8508,752,5/31/2024,53
8509,632,12/31/2022,39
8510,465,8/29/2024,62
8511,373,1/14/2025,41
8512,344,1/15/2022,45
8513,482,4/8/2024,82
8514,262,1/8/2024,56
8515,283,6/20/2023,57
8516,279,3/6/2022,81
8517,13,5/2/2022,43
8518,928,12/31/2024,83
8519,237,4/23/2025,72
8520,166,9/5/2023,89
8521,152,10/4/2025,46
8522,989,9/17/2025,56
8523,477,8/30/2024,13
8524,327,4/28/2024,12
8525,404,11/10/2025,11
8526,89,6/9/2024,64
8527,314,9/26/2025,33
8528,249,12/1/2025,29
8529,804,10/12/2022,61
8530,59,8/23/2024,40
8531,426,12/4/2024,14
8532,791,4/13/2025,56
8533,834,5/26/2023,56
8534,513,6/12/2025,14
8535,223,12/14/2023,27
8536,337,7/20/2023,24
8537,223,8/18/2022,70
8538,663,4/15/2023,25
8539,293,11/25/2025,3
8540,631,11/12/2024,27
8541,656,11/26/2024,47
8542,940,8/1/2025,77
8543,371,1/25/2023,6
8544,962,8/24/2024,89
8545,401,6/27/2023,34
8546,681,5/23/2025,35
8547,662,9/10/2023,2
8548,818,6/2/2025,28
8549,470,12/28/2024,47
8550,793,2/1/2025,63
8551,356,9/14/2025,77
8552,492,3/1/2025,53
8553,500,4/15/2023,11
8554,705,2/1/2024,40
8555,619,11/22/2023,74
8556,79,4/5/2022,64
8557,810,5/16/2024,59
8558,759,10/2/2023,51
8559,105,7/29/2023,51
8560,962,6/10/2022,100
8561,661,1/7/2024,60
8562,85,4/25/2024,60
8563,492,6/4/2022,34
8564,837,7/16/2024,50
8565,280,9/2/2022,72
8566,933,7/31/2022,86
8567,419,8/10/2023,78
8568,227,7/23/2023,67
8569,357,8/29/2025,78
8570,525,4/9/2022,4
8571,689,5/26/2023,27
8572,928,12/9/2024,25
8573,195,12/31/2022,66
8574,961,12/5/2025,76
8575,528,12/21/2024,15
8576,128,10/14/2025,20
8577,927,10/18/2025,50
8578,350,6/9/2022,97
8579,621,11/2/2023,1
8580,699,12/23/2024,88
8581,14,1/13/2022,20
8582,222,10/23/2023,27
8583,687,10/2/2024,64
8584,325,3/4/2025,73
8585,10,8/30/2023,88
8586,24,6/14/2025,1
8587,827,9/11/2024,5
8588,154,3/8/2022,48
8589,101,2/10/2023,56
8590,563,10/2/2025,27
8591,119,1/4/2022,64
8592,654,6/7/2022,27
8593,545,5/19/2023,94
8594,649,12/22/2025,18
8595,492,10/26/2024,66
8596,779,8/4/2022,54
8597,645,7/29/2023,11
8598,416,10/4/2025,61
8599,16,11/17/2022,15
8600,274,4/20/2024,54
8601,132,11/9/2023,64
8602,16,1/16/2025,8
8603,274,1/4/2025,22
8604,207,5/2/2025,30
8605,77,6/24/2022,93
8606,313,10/26/2023,23
8607,507,10/7/2024,93
8608,179,9/5/2023,54
8609,274,9/1/2024,95
8610,21,7/17/2024,84
8611,51,6/26/2023,30
8612,158,5/27/2022,56
8613,453,11/18/2025,72
8614,667,4/21/2025,8
8615,789,7/31/2025,67
8616,630,3/15/2023,46
8617,617,4/7/2023,4
8618,936,4/18/2023,87
8619,256,2/15/2022,27
8620,799,9/5/2022,88
8621,937,3/27/2023,21
8622,568,12/13/2025,55
8623,841,10/27/2022,38
8624,138,1/12/2024,90
8625,879,3/10/2024,96
8626,565,6/10/2023,78
8627,222,9/4/2025,85
8628,62,5/17/2022,77
8629,720,6/25/2025,30
8630,431,12/22/2024,93
8631,311,3/23/2023,54
8632,391,1/26/2025,35
8633,992,9/19/2023,20
8634,428,11/19/2025,71
8635,79,2/23/2022,28
8636,280,2/13/2022,66
8637,146,3/6/2024,7
8638,686,9/22/2025,64
8639,801,4/3/2022,65
8640,841,2/10/2025,53
8641,633,10/3/2025,66
8642,769,12/12/2023,100
8643,418,6/20/2025,84
8644,628,1/10/2025,44
8645,107,11/9/2022,88
8646,539,6/1/2025,96
8647,558,10/18/2024,17
8648,32,1/19/2022,36
8649,549,4/9/2024,75
8650,723,8/14/2024,52
8651,368,3/16/2025,14
8652,545,1/31/2025,48
8653,287,11/26/2023,38
8654,271,3/13/2023,74
8655,130,10/8/2022,52
8656,328,5/11/2022,14
8657,804,7/23/2024,5
8658,936,11/3/2025,29
8659,636,4/28/2022,16
8660,625,10/23/2024,88
8661,614,5/4/2024,28
8662,476,9/9/2022,64
8663,424,11/7/2022,13
8664,621,2/20/2023,45
8665,785,9/27/2024,94
8666,414,3/13/2023,65
8667,566,4/24/2025,29
8668,471,6/25/2023,75
8669,286,6/10/2022,51
8670,291,5/20/2022,24
8671,79,8/8/2023,100
8672,440,8/19/2023,94
8673,713,12/7/2024,57
8674,686,12/1/2023,4
8675,986,8/28/2022,42
8676,40,11/8/2022,52
8677,761,4/7/2024,93
8678,796,5/4/2023,74
8679,437,9/8/2024,23
8680,283,9/10/2025,52
8681,358,6/3/2023,18
8682,683,3/17/2024,48
8683,863,4/30/2025,54
8684,643,11/4/2022,51
8685,515,1/17/2024,43
8686,653,3/22/2023,44
8687,71,7/5/2024,80
8688,609,12/21/2024,51
8689,43,7/25/2022,5
8690,960,10/1/2022,75
8691,890,2/3/2022,62
8692,509,1/18/2022,70
8693,375,3/16/2022,72
8694,733,10/29/2024,18
8695,638,8/13/2025,98
8696,706,8/22/2023,100
8697,516,7/13/2025,15
8698,237,12/2/2024,22
8699,74,3/25/2025,25
8700,284,12/16/2024,97
8701,529,10/19/2022,94
8702,425,2/4/2024,27
8703,507,2/7/2024,64
8704,278,7/26/2024,25
8705,938,3/9/2025,4
8706,367,6/14/2022,24
8707,847,9/12/2024,8
8708,391,5/2/2025,85
8709,444,6/18/2022,79
8710,604,8/30/2023,19
8711,264,8/1/2025,57
8712,220,2/5/2022,21
8713,380,8/23/2022,57
8714,805,3/20/2025,90
8715,145,9/8/2022,88
8716,438,10/22/2024,84
8717,673,8/9/2025,25
8718,707,12/30/2023,20
8719,435,12/10/2023,17
8720,82,9/19/2023,13
8721,16,6/29/2023,62
8722,470,7/10/2023,66
8723,811,3/19/2024,89
8724,29,8/1/2025,10
8725,888,12/4/2025,27
8726,676,6/19/2025,73
8727,9,6/24/2022,69
8728,344,3/25/2023,43
8729,221,1/10/2025,16
8730,950,3/8/2024,49
8731,555,5/4/2023,18
8732,325,3/31/2023,54
8733,279,6/21/2022,91
8734,564,5/1/2023,20
8735,6,9/9/2023,12
8736,258,8/31/2023,74
8737,166,3/12/2024,3
8738,621,2/3/2023,99
8739,670,10/28/2022,78
8740,468,7/20/2025,41
8741,141,8/16/2023,37
8742,371,1/8/2023,39
8743,843,7/17/2024,40
8744,204,3/3/2024,84
8745,164,4/22/2024,80
8746,112,11/20/2022,21
8747,817,11/22/2024,18
8748,120,10/8/2022,55
8749,582,5/6/2025,66
8750,1000,9/12/2023,73
8751,642,8/21/2023,32
8752,413,7/22/2023,49
8753,207,9/10/2023,11
8754,2,8/30/2024,46
8755,156,12/27/2023,69
8756,953,7/5/2022,31
8757,144,4/7/2024,32
8758,20,1/26/2023,47
8759,817,6/8/2022,87
8760,419,5/12/2025,61
8761,357,4/2/2023,92
8762,718,5/19/2024,7
8763,524,9/9/2022,85
8764,915,5/11/2023,5
8765,468,7/18/2023,33
8766,713,7/15/2022,43
8767,879,11/23/2025,24
8768,464,4/1/2023,99
8769,285,5/1/2024,90
8770,975,4/6/2024,58
8771,227,9/20/2023,46
8772,40,5/5/2024,77
8773,579,4/6/2024,71
8774,987,4/27/2022,49
8775,87,9/4/2024,83
8776,850,6/16/2022,20
8777,831,9/28/2023,28
8778,929,6/17/2023,2
8779,422,10/17/2023,12
8780,255,4/16/2022,20
8781,513,10/21/2024,63
8782,143,9/4/2023,86
8783,843,3/30/2022,60
8784,664,1/6/2022,45
8785,484,2/29/2024,28
8786,516,8/31/2024,11
8787,713,3/10/2024,59
8788,524,11/18/2024,15
8789,840,1/10/2025,80
8790,925,6/27/2025,41
8791,950,12/6/2025,36
8792,621,7/16/2025,3
8793,743,3/8/2025,25
8794,312,9/22/2023,2
8795,39,1/7/2024,73
8796,401,6/19/2024,49
8797,872,9/5/2022,79
8798,134,9/17/2024,57
8799,546,5/9/2024,96
8800,193,1/31/2024,79
8801,430,5/3/2025,15
8802,144,9/30/2024,12
8803,735,9/24/2025,89
8804,811,11/27/2025,27
8805,759,4/20/2025,77
8806,705,3/12/2023,63
8807,236,10/4/2022,71
8808,531,3/14/2023,27
8809,105,11/7/2024,32
8810,375,6/16/2025,56
8811,506,7/9/2025,3
8812,669,9/26/2024,32
8813,97,9/21/2024,51
8814,813,10/22/2025,21
8815,459,9/28/2024,29
8816,882,7/25/2022,99
8817,528,1/1/2024,29
8818,548,6/9/2023,91
8819,693,7/19/2024,93
8820,820,7/17/2024,68
8821,158,3/7/2023,16
8822,512,3/14/2023,21
8823,30,5/10/2022,94
8824,475,3/5/2023,1
8825,814,4/24/2025,51
8826,866,8/15/2024,60
8827,284,10/9/2025,84
8828,387,9/15/2025,90
8829,552,6/5/2025,29
8830,396,9/20/2022,51
8831,179,5/3/2023,64
8832,305,3/25/2022,97
8833,405,5/17/2022,56
8834,519,12/4/2022,13
8835,921,2/14/2023,93
8836,545,1/23/2022,52
8837,388,5/16/2025,18
8838,661,2/9/2024,20
8839,774,8/16/2024,21
8840,431,8/12/2024,73
8841,490,11/13/2025,95
8842,218,8/4/2022,45
8843,865,5/16/2023,10
8844,867,3/27/2023,89
8845,175,3/16/2024,64
8846,347,2/8/2024,58
8847,272,2/28/2025,7
8848,923,3/30/2024,98
8849,66,12/8/2022,8
8850,208,4/5/2024,62
8851,315,11/9/2025,60
8852,561,4/25/2024,52
8853,249,5/15/2024,56
8854,537,9/15/2022,40
8855,748,1/12/2022,58
8856,829,11/3/2022,37
8857,100,2/6/2022,48
8858,139,10/23/2023,68
8859,96,7/12/2025,75
8860,910,10/15/2023,16
8861,653,7/31/2024,100
8862,532,6/4/2025,10
8863,791,1/19/2025,28
8864,587,8/8/2024,35
8865,236,2/19/2025,33
8866,511,2/14/2023,36
8867,704,9/7/2023,33
8868,37,8/6/2023,44
8869,607,3/12/2025,77
8870,498,8/21/2023,83
8871,70,10/1/2025,35
8872,264,9/30/2022,26
8873,449,9/9/2022,68
8874,343,11/12/2024,6
8875,291,1/21/2025,45
8876,650,9/19/2024,23
8877,405,3/26/2023,61
8878,498,1/14/2022,8
8879,799,4/15/2023,83
8880,94,11/13/2023,27
8881,360,8/27/2023,52
8882,74,9/9/2025,58
8883,928,6/15/2025,48
8884,186,2/6/2025,45
8885,820,2/2/2022,27
8886,191,7/6/2022,78
8887,325,9/26/2023,52
8888,609,6/27/2024,22
8889,832,9/20/2024,27
8890,178,3/9/2023,44
8891,214,6/11/2022,85
8892,882,4/25/2023,97
8893,322,3/3/2025,39
8894,210,12/12/2025,40
8895,744,10/8/2025,13
8896,92,5/16/2024,55
8897,867,5/13/2022,24
8898,876,11/14/2025,82
8899,857,8/12/2022,54
8900,296,1/27/2023,23
8901,115,11/24/2025,92
8902,426,1/7/2024,82
8903,335,10/17/2022,31
8904,960,1/4/2024,13
8905,632,4/26/2022,27
8906,945,4/7/2023,38
8907,751,10/23/2025,41
8908,715,3/13/2023,83
8909,112,7/28/2025,97
8910,69,3/4/2024,75
8911,47,8/16/2024,85
8912,594,10/24/2024,13
8913,202,3/16/2024,15
8914,990,2/20/2022,91
8915,133,9/4/2025,62
8916,947,11/26/2023,24
8917,668,8/15/2024,80
8918,107,3/20/2024,18
8919,59,8/19/2024,77
8920,396,6/3/2023,89
8921,339,5/17/2025,49
8922,316,11/24/2022,66
8923,529,8/12/2024,74
8924,130,4/24/2024,89
8925,130,1/6/2024,59
8926,695,2/2/2022,30
8927,991,7/24/2023,21
8928,274,3/11/2022,36
8929,932,1/6/2024,6
8930,345,10/1/2024,70
8931,336,2/3/2024,37
8932,91,1/11/2025,72
8933,424,6/12/2023,7
8934,498,3/24/2023,33
8935,664,10/17/2023,40
8936,159,12/1/2022,9
8937,189,3/17/2025,83
8938,433,3/29/2025,60
8939,70,9/1/2023,85
8940,144,3/3/2025,81
8941,630,2/7/2022,4
8942,954,8/15/2022,87
8943,573,2/18/2023,7
8944,145,7/21/2023,88
8945,991,12/5/2022,67
8946,522,1/19/2024,82
8947,717,3/5/2025,50
8948,197,10/29/2023,17
8949,579,10/19/2023,15
8950,77,3/29/2022,12
8951,626,2/14/2023,81
8952,203,3/25/2025,54
8953,910,3/30/2025,22
8954,55,6/2/2022,13
8955,653,1/29/2022,8
8956,140,4/29/2025,26
8957,688,9/12/2022,75
8958,494,4/19/2024,90
8959,968,4/23/2025,61
8960,652,2/24/2025,100
8961,372,3/15/2024,40
8962,88,7/5/2023,34
8963,596,2/4/2025,70
8964,442,10/12/2024,14
8965,53,5/9/2025,92
8966,582,1/21/2024,79
8967,210,10/8/2025,4
8968,235,1/29/2025,19
8969,9,4/3/2022,63
8970,373,3/6/2023,74
8971,219,3/13/2025,22
8972,72,6/19/2022,75
8973,435,11/1/2024,48
8974,221,5/13/2023,68
8975,135,10/30/2022,43
8976,467,2/28/2024,46
8977,64,9/23/2025,39
8978,991,8/4/2025,16
8979,471,8/14/2023,20
8980,997,1/6/2022,17
8981,882,7/20/2025,81
8982,980,8/3/2025,43
8983,543,6/3/2024,38
8984,424,7/7/2024,86
8985,720,2/9/2024,89
8986,81,1/19/2022,24
8987,841,8/22/2022,36
8988,324,7/29/2022,42
8989,8,8/28/2025,84
8990,238,3/14/2022,68
8991,243,3/24/2024,55
8992,15,6/15/2023,24
8993,669,1/9/2022,39
8994,96,9/5/2025,3
8995,847,1/27/2022,71
8996,454,6/4/2025,92
8997,719,2/10/2025,79
8998,340,3/5/2025,31
8999,132,8/25/2022,49
9000,181,7/11/2025,96
9001,646,5/24/2024,43
9002,717,8/11/2023,84
9003,268,9/22/2024,58
9004,358,5/14/2023,50
9005,946,2/13/2023,59
9006,852,2/26/2023,23
9007,414,4/11/2024,43
9008,241,5/28/2024,31
9009,302,12/18/2022,76
9010,539,12/25/2022,62
9011,567,10/14/2025,40
9012,185,1/23/2024,83
9013,66,6/10/2025,46
9014,496,4/28/2023,96
9015,798,2/25/2023,61
9016,153,2/17/2023,89
9017,409,2/12/2024,99
9018,162,2/12/2025,33
9019,243,1/2/2024,27
9020,613,3/7/2023,84
9021,287,11/3/2025,24
9022,264,4/16/2024,76
9023,996,7/30/2023,18
9024,173,1/15/2022,87
9025,190,4/1/2024,69
9026,930,6/26/2024,53
9027,551,9/18/2025,45
9028,44,12/4/2022,64
9029,425,8/26/2022,39
9030,566,12/30/2025,40
9031,254,3/15/2024,21
9032,549,2/9/2022,16
9033,649,6/4/2022,90
9034,251,11/26/2023,75
9035,813,6/21/2024,45
9036,453,12/23/2022,84
9037,964,6/19/2023,61
9038,88,12/11/2024,60
9039,325,11/14/2025,12
9040,722,12/19/2023,54
9041,895,8/30/2023,11
9042,222,6/12/2023,69
9043,981,7/18/2022,7
9044,194,3/19/2022,52
9045,417,5/3/2025,37
9046,315,2/24/2022,14
9047,425,4/14/2025,48
9048,903,12/28/2022,21
9049,733,10/12/2024,25
9050,797,10/22/2025,89
9051,254,12/30/2024,35
9052,947,12/1/2024,41
9053,436,1/22/2023,1
9054,652,5/23/2024,31
9055,698,7/27/2024,36
9056,663,9/14/2023,72
9057,602,2/25/2022,12
9058,481,8/26/2025,93
9059,648,10/15/2022,13
9060,906,11/23/2025,66
9061,390,9/24/2025,1
9062,511,1/28/2022,82
9063,181,12/16/2024,70
9064,356,7/15/2024,84
9065,773,12/4/2022,94
9066,641,4/2/2025,84
9067,212,6/12/2022,63
9068,547,12/30/2022,84
9069,812,10/18/2025,10
9070,125,12/21/2024,65
9071,62,6/13/2022,99
9072,393,7/30/2022,38
9073,657,1/11/2023,98
9074,314,4/14/2022,51
9075,822,9/24/2022,47
9076,847,4/15/2024,31
9077,533,1/11/2022,11
9078,379,2/24/2023,88
9079,42,4/4/2023,73
9080,822,11/19/2025,41
9081,896,11/24/2025,97
9082,443,5/20/2025,19
9083,517,5/15/2023,78
9084,754,2/10/2024,46
9085,696,1/7/2024,63
9086,136,6/10/2025,4
9087,673,12/25/2024,62
9088,925,8/17/2025,68
9089,751,3/16/2024,98
9090,481,9/4/2025,35
9091,524,12/22/2024,8
9092,260,12/15/2024,7
9093,661,8/24/2024,15
9094,242,5/6/2023,30
9095,342,6/8/2024,84
9096,266,6/5/2023,20
9097,336,8/7/2024,15
9098,367,1/8/2023,4
9099,83,3/13/2025,39
9100,718,4/14/2024,61
9101,441,11/3/2024,29
9102,950,11/21/2022,50
9103,181,3/2/2025,25
9104,670,3/18/2025,81
9105,180,8/1/2022,3
9106,548,5/27/2023,21
9107,491,9/17/2024,57
9108,449,6/30/2025,85
9109,655,12/12/2024,41
9110,829,3/15/2023,7
9111,317,8/22/2025,56
9112,850,7/1/2025,28
9113,185,8/3/2025,31
9114,294,3/22/2023,93
9115,311,9/30/2023,95
9116,954,12/23/2022,26
9117,119,10/26/2025,60
9118,396,6/20/2025,55
9119,425,9/11/2022,97
9120,801,12/27/2022,95
9121,486,3/17/2024,36
9122,967,8/31/2023,3
9123,741,11/3/2023,1
9124,704,6/22/2023,1
9125,753,9/11/2024,79
9126,162,8/5/2025,74
9127,450,9/2/2025,83
9128,587,10/28/2023,14
9129,209,4/24/2025,6
9130,119,10/11/2024,18
9131,136,10/15/2022,63
9132,790,3/6/2025,1
9133,657,5/27/2023,67
9134,282,7/6/2024,89
9135,738,11/18/2024,15
9136,696,10/10/2025,74
9137,817,10/17/2025,56
9138,911,3/18/2025,95
9139,883,1/10/2024,25
9140,182,8/8/2023,23
9141,770,10/7/2023,2
9142,393,10/21/2025,71
9143,404,10/27/2022,87
9144,648,2/6/2024,2
9145,603,9/19/2024,50
9146,420,2/2/2022,73
9147,1000,7/16/2024,79
9148,175,1/15/2023,94
9149,97,2/15/2023,73
9150,30,6/27/2024,93
9151,815,1/13/2022,100
9152,407,8/18/2022,93
9153,438,10/27/2023,44
9154,650,5/3/2024,41
9155,436,6/9/2022,43
9156,574,6/13/2023,96
9157,59,3/26/2023,29
9158,157,2/20/2024,76
9159,933,3/16/2023,63
9160,451,1/3/2022,7
9161,168,2/14/2024,49
9162,370,5/24/2025,20
9163,335,5/4/2024,73
9164,275,6/13/2023,45
9165,294,12/6/2023,36
9166,730,7/24/2022,7
9167,107,12/12/2022,14
9168,310,10/2/2023,77
9169,468,5/15/2024,87
9170,541,12/12/2023,30
9171,881,11/7/2025,83
9172,924,7/20/2024,56
9173,298,2/3/2022,36
9174,540,2/6/2024,46
9175,23,5/1/2024,70
9176,618,3/5/2022,91
9177,153,7/17/2023,50
9178,74,6/27/2025,35
9179,672,6/6/2023,77
9180,179,10/29/2023,53
9181,478,11/20/2022,40
9182,101,4/23/2022,46
9183,746,4/10/2023,54
9184,765,2/3/2025,15
9185,575,12/7/2025,6
9186,836,8/22/2024,67
9187,437,4/28/2025,18
9188,187,8/6/2024,54
9189,152,8/20/2024,79
9190,220,9/16/2023,22
9191,201,3/31/2022,39
9192,324,8/23/2023,98
9193,215,6/17/2025,4
9194,592,2/23/2024,76
9195,149,1/18/2025,17
9196,622,3/15/2022,91
9197,335,10/22/2022,42
9198,687,3/13/2023,1
9199,513,6/9/2023,72
9200,906,12/14/2025,15
9201,440,11/6/2023,37
9202,296,8/25/2024,51
9203,590,7/30/2024,75
9204,659,9/5/2023,42
9205,440,11/12/2025,86
9206,560,11/21/2022,49
9207,471,2/20/2022,35
9208,306,12/24/2024,34
9209,314,8/13/2024,81
9210,908,1/16/2023,67
9211,676,6/22/2025,13
9212,96,8/26/2022,76
9213,963,1/2/2023,42
9214,713,8/14/2022,35
9215,51,9/30/2022,10
9216,728,12/1/2024,100
9217,590,10/24/2024,6
9218,916,7/28/2024,100
9219,490,6/11/2025,7
9220,519,4/12/2022,51
9221,315,6/25/2024,11
9222,322,6/18/2022,50
9223,618,10/28/2025,84
9224,828,7/15/2024,60
9225,891,1/15/2025,55
9226,771,4/14/2024,12
9227,610,7/15/2023,95
9228,501,9/29/2024,38
9229,340,5/6/2025,54
9230,768,9/18/2022,90
9231,319,6/27/2025,63
9232,268,11/27/2024,74
9233,868,5/6/2022,19
9234,590,9/29/2025,47
9235,355,9/21/2022,55
9236,866,5/28/2024,18
9237,963,7/9/2022,39
9238,318,10/14/2022,84
9239,522,7/28/2024,94
9240,484,9/19/2024,83
9241,702,9/30/2024,94
9242,952,5/17/2023,100
9243,549,4/13/2025,20
9244,799,3/14/2022,86
9245,596,6/2/2025,63
9246,888,3/18/2023,86
9247,405,6/25/2024,64
9248,386,8/16/2025,13
9249,423,1/9/2023,57
9250,997,8/24/2023,77
9251,612,4/25/2025,13
9252,153,6/17/2025,51
9253,41,12/10/2022,66
9254,519,1/14/2024,47
9255,806,5/2/2023,80
9256,480,1/26/2024,13
9257,561,7/8/2023,35
9258,799,1/8/2022,96
9259,517,9/12/2025,52
9260,909,7/19/2024,19
9261,638,11/6/2023,12
9262,732,6/7/2022,60
9263,782,4/15/2022,94
9264,627,12/1/2023,5
9265,51,8/6/2024,11
9266,428,1/16/2023,38
9267,142,12/23/2024,21
9268,511,7/28/2023,13
9269,144,1/17/2022,30
9270,510,2/24/2024,65
9271,344,9/22/2022,83
9272,21,1/22/2022,31
9273,125,7/10/2022,71
9274,504,2/20/2023,83
9275,79,1/23/2024,1
9276,856,12/16/2025,86
9277,759,11/15/2022,19
9278,710,3/25/2022,69
9279,173,10/7/2022,76
9280,796,4/12/2023,85
9281,635,10/27/2022,41
9282,391,4/15/2023,66
9283,1,11/16/2025,3
9284,529,7/9/2023,45
9285,796,7/16/2024,97
9286,34,9/27/2024,16
9287,53,7/10/2022,16
9288,383,12/28/2022,71
9289,512,8/31/2023,52
9290,475,11/4/2023,46
9291,427,1/20/2022,25
9292,256,7/31/2024,18
9293,60,3/16/2023,74
9294,32,4/16/2023,36
9295,99,5/30/2024,78
9296,691,10/18/2025,45
9297,786,6/17/2025,40
9298,436,12/2/2025,24
9299,78,8/28/2023,66
9300,416,6/24/2022,29
9301,986,11/12/2022,91
9302,250,5/18/2023,41
9303,492,3/15/2023,82
9304,538,10/31/2022,47
9305,330,8/9/2022,42
9306,439,9/30/2022,46
9307,472,8/19/2024,45
9308,474,12/19/2023,48
9309,718,2/24/2022,89
9310,581,4/3/2024,71
9311,54,5/15/2025,4
9312,7,9/14/2023,6
9313,411,4/11/2023,3
9314,908,2/3/2023,70
9315,37,7/9/2023,21
9316,72,2/12/2023,39
9317,680,9/12/2025,83
9318,451,12/20/2025,14
9319,231,5/17/2023,16
9320,208,9/11/2025,8
9321,666,6/1/2025,29
9322,524,4/21/2022,9
9323,639,12/19/2023,63
9324,281,8/17/2024,74
9325,527,9/9/2023,19
9326,861,10/30/2023,53
9327,317,12/23/2023,31
9328,397,3/6/2023,9
9329,164,5/22/2024,47
9330,639,12/22/2022,70
9331,33,7/23/2025,23
9332,249,5/4/2022,79
9333,714,4/8/2022,100
9334,20,2/25/2022,6
9335,990,5/26/2023,17
9336,405,6/4/2024,29
9337,399,12/10/2025,85
9338,537,10/27/2023,15
9339,640,9/24/2022,48
9340,460,6/23/2023,54
9341,885,7/6/2022,13
9342,963,11/21/2023,5
9343,201,12/1/2024,12
9344,707,2/21/2022,6
9345,301,2/9/2025,51
9346,996,11/30/2022,94
9347,254,9/9/2024,36
9348,296,4/6/2025,26
9349,715,2/8/2025,24
9350,790,9/5/2024,99
9351,129,10/10/2024,96
9352,556,10/2/2022,65
9353,346,7/18/2022,47
9354,612,7/12/2023,16
9355,557,6/7/2024,93
9356,986,6/22/2024,1
9357,934,2/9/2025,17
9358,654,3/27/2023,68
9359,680,6/18/2025,19
9360,899,10/19/2023,11
9361,184,12/26/2022,60
9362,726,12/10/2024,3
9363,773,7/6/2022,27
9364,128,8/16/2023,65
9365,882,2/15/2025,19
9366,700,1/31/2025,76
9367,348,1/10/2023,10
9368,485,9/1/2022,62
9369,490,2/16/2022,8
9370,919,5/11/2022,74
9371,970,4/20/2025,76
9372,807,2/18/2025,80
9373,653,1/10/2024,29
9374,105,4/12/2024,24
9375,915,4/23/2023,98
9376,134,10/8/2022,73
9377,167,1/17/2022,19
9378,70,9/8/2024,3
9379,948,2/21/2022,36
9380,494,6/3/2022,67
9381,236,3/4/2025,38
9382,81,5/1/2024,81
9383,412,12/17/2023,51
9384,724,11/16/2022,100
9385,995,8/7/2022,88
9386,553,11/13/2023,48
9387,608,6/8/2023,84
9388,836,2/20/2024,45
9389,902,8/30/2022,1
9390,280,12/5/2022,31
9391,992,6/14/2022,41
9392,520,9/13/2023,98
9393,931,2/8/2023,83
9394,118,11/23/2022,15
9395,98,3/13/2024,1
9396,885,12/28/2023,53
9397,673,11/3/2022,54
9398,176,10/18/2024,74
9399,895,5/18/2023,26
9400,103,5/14/2023,82
9401,683,11/30/2023,42
9402,206,7/23/2022,34
9403,71,9/6/2023,43
9404,807,4/30/2024,95
9405,848,7/7/2022,40
9406,106,4/5/2024,57
9407,94,2/26/2022,90
9408,615,5/31/2024,2
9409,29,2/21/2022,54
9410,747,9/13/2022,71
9411,916,5/27/2023,91
9412,752,6/16/2024,7
9413,231,11/16/2024,73
9414,191,11/17/2023,81
9415,681,7/11/2022,36
9416,62,7/21/2023,75
9417,538,2/23/2025,50
9418,449,5/12/2022,66
9419,745,11/11/2024,39
9420,203,7/18/2023,18
9421,763,1/6/2022,83
9422,700,10/11/2024,22
9423,239,2/9/2022,19
9424,357,6/25/2023,89
9425,67,10/12/2022,94
9426,450,5/3/2024,61
9427,261,3/23/2022,59
9428,114,5/14/2022,37
9429,560,2/16/2024,62
9430,568,12/23/2025,61
9431,86,2/27/2022,52
9432,186,11/5/2023,66
9433,83,3/18/2025,56
9434,679,3/1/2023,88
9435,339,12/22/2023,67
9436,72,5/10/2025,39
9437,192,11/29/2024,66
9438,976,3/5/2023,24
9439,256,1/1/2025,22
9440,685,9/14/2024,83
9441,469,1/11/2024,59
9442,182,10/7/2023,6
9443,308,9/13/2025,36
9444,15,7/1/2025,99
9445,747,12/17/2025,64
9446,335,9/13/2024,87
9447,500,6/9/2023,55
9448,153,6/10/2022,5
9449,825,7/3/2022,18
9450,219,10/21/2025,10
9451,567,6/15/2023,74
9452,873,6/11/2022,76
9453,714,11/23/2022,46
9454,604,1/31/2022,73
9455,889,2/15/2024,56
9456,177,5/13/2024,74
9457,964,7/7/2023,68
9458,557,12/23/2024,46
9459,410,12/3/2023,66
9460,256,11/3/2025,32
9461,745,1/20/2025,75
9462,977,4/21/2022,92
9463,691,2/5/2023,21
9464,33,1/6/2025,67
9465,470,2/25/2024,12
9466,733,1/5/2025,38
9467,398,5/5/2023,67
9468,773,2/25/2022,28
9469,708,2/20/2025,24
9470,68,2/20/2025,39
9471,558,7/23/2024,12
9472,172,8/14/2023,63
9473,487,1/13/2022,14
9474,385,11/29/2024,34
9475,807,8/22/2024,32
9476,869,9/2/2024,97
9477,462,9/6/2022,100
9478,537,12/4/2024,8
9479,627,11/24/2024,16
9480,656,6/6/2025,74
9481,636,4/8/2024,30
9482,784,12/4/2024,65
9483,982,8/10/2023,93
9484,829,10/14/2024,17
9485,135,10/11/2024,97
9486,477,2/12/2025,6
9487,462,6/5/2025,23
9488,509,1/5/2022,51
9489,529,2/11/2025,89
9490,719,3/3/2025,56
9491,422,3/7/2024,14
9492,264,1/30/2024,25
9493,458,11/21/2024,77
9494,855,10/28/2023,57
9495,312,8/28/2023,2
9496,21,3/19/2025,51
9497,977,2/26/2025,41
9498,196,10/30/2022,1
9499,603,4/26/2025,25
9500,801,4/23/2023,94
9501,275,7/20/2022,71
9502,341,7/7/2025,8
9503,281,12/14/2022,2
9504,150,10/24/2022,35
9505,153,1/30/2023,47
9506,187,12/20/2023,46
9507,459,8/31/2022,70
9508,531,8/22/2022,18
9509,16,7/28/2023,5
9510,847,11/15/2022,68
9511,676,10/10/2022,90
9512,71,8/25/2025,17
9513,843,5/20/2024,37
9514,31,1/21/2022,63
9515,561,5/29/2022,17
9516,466,4/4/2025,86
9517,503,1/30/2023,23
9518,957,8/11/2022,54
9519,928,8/30/2024,34
9520,280,5/9/2025,67
9521,580,8/6/2023,20
9522,960,12/21/2024,10
9523,729,9/8/2023,52
9524,888,6/8/2022,87
9525,435,3/11/2025,64
9526,284,9/4/2025,76
9527,511,12/9/2025,44
9528,817,5/27/2022,15
9529,929,4/5/2024,43
9530,686,6/29/2024,99
9531,707,4/26/2022,79
9532,512,10/22/2025,71
9533,320,5/31/2022,31
9534,423,1/28/2023,60
9535,498,11/15/2025,63
9536,816,3/23/2024,66
9537,556,9/19/2024,90
9538,794,12/23/2023,69
9539,28,1/4/2025,23
9540,757,4/30/2022,23
9541,508,9/14/2024,62
9542,999,4/8/2022,87
9543,472,9/20/2022,95
9544,479,1/10/2024,61
9545,128,10/18/2023,53
9546,807,8/11/2022,82
9547,702,3/11/2025,98
9548,863,3/18/2023,3
9549,93,6/19/2025,32
9550,212,1/22/2022,34
9551,877,12/13/2022,57
9552,43,3/10/2023,30
9553,509,5/20/2024,32
9554,405,8/9/2023,3
9555,940,8/18/2022,1
9556,857,4/14/2024,45
9557,897,11/1/2025,100
9558,290,7/15/2022,30
9559,588,1/4/2023,25
9560,701,12/1/2023,27
9561,968,11/27/2024,98
9562,8,7/19/2022,67
9563,978,12/4/2022,66
9564,356,12/10/2022,19
9565,129,6/19/2024,91
9566,616,5/1/2022,20
9567,782,8/21/2024,97
9568,130,9/14/2023,96
9569,41,4/25/2023,57
9570,897,6/13/2025,87
9571,934,4/11/2025,100
9572,157,3/19/2025,59
9573,905,7/17/2025,77
9574,910,12/8/2022,60
9575,998,6/3/2025,53
9576,217,9/15/2022,34
9577,579,4/29/2023,66
9578,995,3/22/2024,27
9579,903,12/23/2024,20
9580,605,4/23/2024,28
9581,198,3/28/2024,2
9582,85,7/5/2023,94
9583,260,5/15/2024,26
9584,66,11/26/2023,80
9585,196,11/29/2023,44
9586,75,5/5/2024,34
9587,763,5/26/2024,23
9588,590,4/28/2023,83
9589,518,7/18/2022,52
9590,810,3/14/2023,45
9591,411,8/21/2023,66
9592,403,8/24/2022,81
9593,207,9/17/2022,66
9594,445,10/21/2025,47
9595,175,2/14/2023,90
9596,590,12/15/2024,90
9597,998,7/6/2022,97
9598,534,11/21/2025,10
9599,300,11/7/2022,90
9600,689,7/30/2023,20
9601,821,2/16/2025,63
9602,472,10/22/2022,66
9603,251,3/14/2024,21
9604,714,2/21/2025,1
9605,188,2/4/2022,95
9606,998,2/7/2022,90
9607,318,2/26/2025,18
9608,351,1/19/2023,61
9609,727,8/21/2025,16
9610,13,9/16/2025,57
9611,203,7/10/2025,32
9612,126,12/27/2025,76
9613,392,4/17/2025,58
9614,554,7/15/2023,50
9615,180,12/20/2025,69
9616,345,5/21/2023,48
9617,773,5/6/2024,2
9618,940,1/9/2022,60
9619,15,11/7/2025,78
9620,628,5/14/2024,50
9621,26,10/18/2025,18
9622,521,5/31/2023,1
9623,880,4/3/2023,30
9624,799,2/3/2024,77
9625,233,6/15/2025,33
9626,259,3/12/2024,96
9627,784,3/3/2025,34
9628,820,11/10/2022,43
9629,281,2/7/2025,77
9630,4,12/6/2024,62
9631,445,8/2/2025,5
9632,620,3/26/2022,8
9633,444,7/16/2023,20
9634,935,5/10/2022,88
9635,814,8/8/2023,3
9636,788,1/13/2025,8
9637,21,7/24/2024,78
9638,854,1/5/2025,63
9639,756,12/13/2024,99
9640,397,12/20/2025,22
9641,590,7/9/2025,66
9642,825,5/6/2024,14
9643,907,7/3/2025,60
9644,551,3/11/2022,11
9645,42,11/19/2024,91
9646,619,2/2/2024,42
9647,681,10/30/2025,26
9648,59,1/6/2024,99
9649,818,9/18/2022,7
9650,202,11/23/2024,80
9651,891,10/20/2025,51
9652,551,1/24/2022,69
9653,323,4/4/2022,27
9654,59,8/24/2024,89
9655,18,3/22/2024,46
9656,742,3/12/2024,42
9657,378,5/12/2022,46
9658,841,4/15/2024,30
9659,231,4/9/2024,32
9660,921,5/25/2025,15
9661,942,7/24/2023,49
9662,102,5/24/2023,48
9663,647,4/30/2022,39
9664,940,4/8/2024,99
9665,324,8/4/2024,12
9666,68,2/15/2023,92
9667,876,12/4/2024,87
9668,475,10/2/2025,3
9669,28,9/12/2022,71
9670,841,4/16/2024,21
9671,679,10/11/2024,5
9672,71,1/27/2022,87
9673,259,9/19/2022,12
9674,19,8/2/2023,30
9675,955,7/20/2022,10
9676,25,6/4/2023,15
9677,796,8/4/2022,7
9678,512,8/2/2025,85
9679,583,5/25/2024,6
9680,812,4/26/2023,76
9681,895,2/11/2025,16
9682,128,1/27/2022,92
9683,18,5/22/2024,85
9684,125,9/25/2024,63
9685,683,3/28/2025,83
9686,569,11/21/2022,30
9687,84,5/14/2024,79
9688,235,1/26/2025,23
9689,538,3/10/2025,62
9690,731,9/14/2022,92
9691,344,11/27/2025,73
9692,950,2/5/2023,27
9693,993,7/26/2023,74
9694,767,10/8/2022,89
9695,455,8/8/2022,89
9696,878,1/9/2023,74
9697,728,7/17/2022,74
9698,520,12/6/2024,79
9699,444,5/22/2024,74
9700,833,7/24/2023,14
9701,558,3/10/2024,81
9702,183,6/1/2024,18
9703,1000,9/27/2022,56
9704,69,3/10/2023,34
9705,696,7/12/2025,22
9706,656,1/18/2022,29
9707,587,10/29/2025,9
9708,52,11/9/2025,44
9709,493,1/5/2023,42
9710,893,4/14/2023,41
9711,240,10/30/2022,10
9712,692,3/30/2024,61
9713,859,11/9/2022,17
9714,953,3/1/2025,86
9715,517,7/21/2023,3
9716,314,11/14/2025,6
9717,700,5/31/2025,31
9718,487,8/10/2023,41
9719,628,5/20/2024,97
9720,742,2/5/2022,53
9721,711,4/9/2022,38
9722,243,1/10/2024,84
9723,756,11/23/2023,25
9724,542,8/5/2023,90
9725,931,5/12/2022,41
9726,660,5/12/2025,32
9727,892,8/17/2023,31
9728,979,11/18/2023,1
9729,995,8/13/2023,68
9730,745,12/28/2023,58
9731,598,8/5/2024,64
9732,119,1/21/2025,66
9733,387,3/13/2024,3
9734,476,8/31/2022,88
9735,781,7/2/2025,52
9736,589,2/20/2023,70
9737,440,1/24/2022,4
9738,147,2/27/2022,77
9739,716,2/4/2025,68
9740,432,7/20/2023,37
9741,37,2/3/2022,94
9742,285,3/31/2025,66
9743,880,3/21/2023,91
9744,119,11/29/2025,83
9745,407,7/9/2025,21
9746,513,3/12/2022,100
9747,84,10/5/2024,75
9748,166,5/31/2024,19
9749,941,9/9/2022,80
9750,591,5/17/2023,43
9751,211,12/19/2023,87
9752,170,8/2/2022,18
9753,426,11/20/2024,26
9754,724,2/10/2023,35
9755,731,10/1/2025,46
9756,196,3/17/2025,64
9757,726,7/15/2024,23
9758,897,6/24/2022,71
9759,227,2/6/2022,3
9760,27,8/2/2022,34
9761,959,1/1/2024,66
9762,522,2/15/2025,27
9763,777,8/12/2022,44
9764,321,10/30/2024,61
9765,300,3/11/2022,25
9766,226,1/24/2023,97
9767,218,5/24/2024,85
9768,472,4/25/2025,98
9769,106,2/9/2025,50
9770,843,2/18/2024,35
9771,512,2/22/2022,100
9772,916,3/5/2023,73
9773,503,2/18/2025,80
9774,304,4/29/2022,19
9775,515,10/29/2024,87
9776,155,10/25/2024,53
9777,825,1/3/2025,78
9778,721,11/14/2022,83
9779,148,12/24/2022,11
9780,582,10/18/2022,10
9781,538,7/30/2023,7
9782,202,2/5/2024,65
9783,123,6/24/2022,92
9784,761,4/8/2024,4
9785,265,12/16/2022,14
9786,519,4/1/2024,49
9787,248,3/19/2023,40
9788,654,10/26/2025,11
9789,49,4/12/2023,61
9790,360,6/26/2025,91
9791,548,9/13/2022,22
9792,440,5/5/2022,1
9793,613,10/3/2022,23
9794,181,9/5/2023,19
9795,442,8/10/2025,47
9796,757,9/15/2022,11
9797,334,2/19/2025,37
9798,158,10/15/2024,12
9799,848,5/19/2023,68
9800,779,5/7/2023,47
9801,681,10/16/2025,8
9802,799,11/10/2024,5
9803,779,12/16/2022,49
9804,747,8/25/2025,60
9805,510,8/18/2023,18
9806,20,4/27/2022,33
9807,598,4/3/2025,61
9808,274,6/23/2025,48
9809,774,10/10/2023,12
9810,469,10/25/2024,40
9811,906,12/9/2022,20
9812,596,5/27/2025,93
9813,551,6/23/2023,81
9814,920,1/26/2023,32
9815,476,1/2/2024,24
9816,376,1/26/2023,14
9817,372,6/25/2024,74
9818,876,12/28/2024,92
9819,757,8/16/2023,28
9820,164,2/18/2025,64
9821,493,9/23/2023,24
9822,372,11/18/2025,92
9823,647,1/21/2023,30
9824,53,10/26/2024,10
9825,715,2/22/2024,89
9826,743,10/10/2025,95
9827,227,11/17/2022,40
9828,151,10/15/2022,91
9829,628,6/21/2025,25
9830,258,8/9/2025,28
9831,942,12/27/2024,54
9832,776,11/25/2023,61
9833,956,8/23/2023,39
9834,535,8/31/2024,80
9835,939,12/27/2024,80
9836,14,2/8/2023,13
9837,290,1/11/2022,100
9838,3,4/18/2022,16
9839,678,5/19/2023,53
9840,511,9/22/2024,43
9841,288,10/6/2023,46
9842,305,6/22/2024,13
9843,644,11/18/2023,35
9844,181,1/3/2023,4
9845,515,12/29/2024,98
9846,614,11/22/2024,15
9847,240,11/7/2025,49
9848,229,4/21/2025,22
9849,355,7/10/2023,18
9850,593,10/26/2024,40
9851,255,5/28/2023,97
9852,380,6/29/2025,48
9853,544,6/10/2024,97
9854,187,5/4/2025,83
9855,569,2/15/2023,44
9856,139,1/22/2022,91
9857,143,7/26/2022,35
9858,237,2/16/2024,51
9859,287,11/5/2025,69
9860,30,7/5/2024,59
9861,962,3/28/2025,83
9862,309,11/17/2023,17
9863,805,11/1/2025,50
9864,902,10/6/2025,67
9865,801,11/15/2022,34
9866,832,6/13/2025,87
9867,101,1/27/2022,31
9868,373,5/15/2024,31
9869,747,10/1/2023,33
9870,576,3/17/2023,68
9871,6,9/26/2025,12
9872,568,8/25/2024,15
9873,805,7/22/2022,78
9874,829,7/23/2022,21
9875,384,6/21/2022,11
9876,237,3/21/2023,27
9877,310,4/11/2022,40
9878,297,1/21/2023,4
9879,347,1/22/2025,84
9880,302,6/30/2025,12
9881,458,2/22/2025,41
9882,41,12/26/2023,21
9883,276,10/12/2024,30
9884,315,10/11/2025,5
9885,154,3/19/2022,95
9886,878,8/14/2025,94
9887,676,11/22/2024,13
9888,912,7/19/2023,20
9889,562,10/18/2023,89
9890,110,10/3/2023,42
9891,905,8/19/2022,7
9892,459,12/3/2022,14
9893,685,3/8/2023,42
9894,382,1/9/2022,56
9895,495,1/3/2024,64
9896,490,11/28/2023,16
9897,285,4/27/2023,38
9898,555,9/15/2022,27
9899,734,11/17/2025,54
9900,21,9/18/2024,33
9901,131,11/25/2023,21
9902,843,11/21/2024,82
9903,570,6/28/2023,57
9904,974,11/11/2022,48
9905,605,9/10/2024,14
9906,654,1/30/2025,8
9907,900,8/8/2024,80
9908,661,4/7/2024,97
9909,330,1/4/2022,59
9910,528,7/20/2024,4
9911,236,6/22/2024,49
9912,335,8/26/2023,29
9913,681,12/23/2022,6
9914,149,12/1/2025,15
9915,672,7/3/2023,50
9916,585,2/2/2023,43
9917,309,10/28/2024,57
9918,45,12/6/2023,70
9919,705,3/25/2024,27
9920,825,8/5/2024,29
9921,731,6/23/2023,68
9922,421,8/11/2022,20
9923,654,9/2/2022,8
9924,415,10/4/2025,86
9925,359,1/9/2024,21
9926,328,9/2/2023,13
9927,211,4/12/2023,74
9928,970,11/20/2024,54
9929,667,8/26/2025,15
9930,175,1/28/2025,86
9931,866,2/20/2024,25
9932,152,11/26/2023,68
9933,594,6/19/2025,66
9934,166,6/5/2025,83
9935,362,7/25/2023,73
9936,659,11/9/2025,71
9937,1000,4/23/2025,6
9938,992,5/21/2025,94
9939,896,3/24/2022,13
9940,236,7/9/2022,26
9941,94,3/12/2023,45
9942,906,1/17/2025,29
9943,924,4/25/2022,60
9944,279,5/2/2022,6
9945,20,2/16/2022,46
9946,648,10/8/2022,35
9947,77,9/4/2025,65
9948,41,11/19/2024,52
9949,938,11/13/2024,76
9950,496,3/4/2023,17
9951,113,7/2/2024,95
9952,655,2/12/2025,40
9953,370,2/17/2024,35
9954,537,6/4/2025,55
9955,899,4/12/2024,17
9956,238,4/20/2023,82
9957,647,7/22/2024,27
9958,829,10/9/2025,93
9959,424,4/22/2025,15
9960,971,12/30/2023,87
9961,449,5/22/2024,40
9962,460,11/26/2025,61
9963,885,12/29/2024,88
9964,636,1/5/2024,13
9965,869,2/15/2023,35
9966,791,8/16/2025,95
9967,713,11/28/2025,15
9968,242,4/14/2022,11
9969,399,2/16/2022,53
9970,865,6/18/2022,3
9971,617,7/19/2023,100
9972,281,8/22/2022,91
9973,328,7/12/2025,19
9974,776,8/28/2025,18
9975,179,9/21/2022,78
9976,113,4/26/2025,53
9977,766,7/26/2022,83
9978,289,2/24/2025,97
9979,766,6/18/2023,41
9980,534,2/28/2022,26
9981,998,9/18/2023,62
9982,525,4/17/2025,64
9983,868,9/25/2025,44
9984,851,6/26/2022,30
9985,212,5/6/2025,27
9986,997,3/5/2023,53
9987,746,11/10/2023,43
9988,108,6/8/2022,46
9989,7,11/22/2025,10
9990,272,2/28/2025,89
9991,17,7/27/2024,71
9992,358,11/28/2024,92
9993,997,6/30/2025,83
9994,479,7/29/2022,62
9995,24,12/26/2022,31
9996,494,2/24/2022,66
9997,220,12/16/2023,57
9998,857,12/23/2023,93
9999,91,2/13/2022,24
10000,771,8/24/2024,3
